Time,VS,HS,Distance,Altitude,Angle,Weight,Acceleration,Throttle,Fuel
0.0,43.00,1700.00,181000.0,30000.0,58.3,381.1,0.00,0.70,216.1
1.0,42.97,1697.07,179302.9,29957.0,62.3,380.8,1.65,1.00,215.8
2.0,42.94,1694.04,177608.9,29914.1,66.3,380.6,1.65,1.00,215.6
3.0,42.91,1690.93,175918.0,29871.2,70.3,380.4,1.66,1.00,215.4
4.0,42.88,1687.74,174230.2,29828.3,74.3,380.2,1.66,1.00,215.2
5.0,42.85,1684.51,172545.7,29785.5,77.0,379.9,1.66,1.00,214.9
6.0,42.82,1681.28,170864.4,29742.6,77.0,379.7,1.66,1.00,214.7
7.0,42.78,1678.04,169186.4,29699.9,77.0,379.5,1.66,1.00,214.5
8.0,42.75,1674.81,167511.6,29657.1,77.0,379.3,1.66,1.00,214.3
9.0,42.72,1671.57,165840.0,29614.4,77.0,379.1,1.66,1.00,214.1
10.0,42.69,1669.30,164170.7,29571.7,77.0,378.9,1.16,0.70,213.9
11.0,42.66,1667.04,162503.7,29529.0,77.0,378.8,1.16,0.70,213.8
12.0,42.63,1664.77,160838.9,29486.4,77.0,378.6,1.16,0.70,213.6
13.0,42.60,1662.50,159176.4,29443.8,77.0,378.4,1.16,0.70,213.4
14.0,42.57,1660.23,157516.2,29401.2,77.0,378.3,1.17,0.70,213.3
15.0,42.54,1657.95,155858.2,29358.7,77.0,378.1,1.17,0.70,213.1
16.0,42.51,1655.68,154202.5,29316.2,77.0,378.0,1.17,0.70,213.0
17.0,42.48,1653.41,152549.1,29273.7,77.0,377.8,1.17,0.70,212.8
18.0,42.45,1651.13,150898.0,29231.3,77.0,377.7,1.17,0.70,212.7
19.0,42.41,1648.86,149249.1,29188.9,77.0,377.5,1.17,0.70,212.5
20.0,42.38,1646.58,147602.6,29146.5,77.0,377.4,1.17,0.70,212.4
21.0,42.35,1644.30,145958.3,29104.1,77.0,377.2,1.17,0.70,212.2
22.0,42.32,1642.03,144316.2,29061.8,77.0,377.0,1.17,0.70,212.0
23.0,42.29,1639.75,142676.5,29019.5,77.0,376.9,1.17,0.70,211.9
24.0,42.26,1637.47,141039.0,28977.2,77.0,376.7,1.17,0.70,211.7
25.0,42.23,1635.19,139403.8,28935.0,77.0,376.6,1.17,0.70,211.6
26.0,42.20,1632.90,137770.9,28892.8,77.0,376.4,1.17,0.70,211.4
27.0,42.17,1630.62,136140.3,28850.6,77.0,376.3,1.17,0.70,211.3
28.0,42.14,1628.34,134512.0,28808.5,77.0,376.1,1.17,0.70,211.1
29.0,42.11,1626.05,132885.9,28766.4,77.0,376.0,1.17,0.70,211.0
30.0,42.08,1623.77,131262.2,28724.3,77.0,375.8,1.17,0.70,210.8
31.0,42.05,1621.48,129640.7,28682.3,77.0,375.6,1.17,0.70,210.6
32.0,42.01,1619.19,128021.5,28640.3,77.0,375.5,1.17,0.70,210.5
33.0,41.98,1616.90,126404.6,28598.3,77.0,375.3,1.17,0.70,210.3
34.0,41.95,1614.61,124790.0,28556.3,77.0,375.2,1.17,0.70,210.2
35.0,41.92,1612.32,123177.6,28514.4,77.0,375.0,1.18,0.70,210.0
36.0,41.89,1610.03,121567.6,28472.5,77.0,374.9,1.18,0.70,209.9
37.0,41.86,1607.74,119959.9,28430.7,77.0,374.7,1.18,0.70,209.7
38.0,41.83,1605.44,118354.4,28388.8,77.0,374.6,1.18,0.70,209.6
39.0,41.80,1603.15,116751.3,28347.0,77.0,374.4,1.18,0.70,209.4
40.0,41.77,1600.85,115150.4,28305.3,77.0,374.2,1.18,0.70,209.2
41.0,41.74,1598.56,113551.9,28263.5,77.0,374.1,1.18,0.70,209.1
42.0,41.71,1596.26,111955.6,28221.8,77.0,373.9,1.18,0.70,208.9
43.0,41.68,1593.96,110361.7,28180.1,77.0,373.8,1.18,0.70,208.8
44.0,41.64,1591.66,108770.0,28138.5,77.0,373.6,1.18,0.70,208.6
45.0,41.61,1589.36,107180.6,28096.9,77.0,373.5,1.18,0.70,208.5
46.0,41.58,1587.06,105593.6,28055.3,77.0,373.3,1.18,0.70,208.3
47.0,41.55,1584.76,104008.8,28013.7,77.0,373.2,1.18,0.70,208.2
48.0,41.52,1582.46,102426.4,27972.2,77.0,373.0,1.18,0.70,208.0
49.0,41.49,1580.15,100846.2,27930.7,77.0,372.8,1.18,0.70,207.8
50.0,41.46,1577.85,99268.4,27889.3,77.0,372.7,1.18,0.70,207.7
51.0,41.43,1575.54,97692.8,27847.8,77.0,372.5,1.18,0.70,207.5
52.0,41.40,1573.23,96119.6,27806.4,77.0,372.4,1.18,0.70,207.4
53.0,41.37,1570.93,94548.6,27765.1,77.0,372.2,1.18,0.70,207.2
54.0,41.34,1568.62,92980.0,27723.7,77.0,372.1,1.18,0.70,207.1
55.0,41.31,1566.31,91413.7,27682.4,77.0,371.9,1.19,0.70,206.9
56.0,41.28,1564.00,89849.7,27641.2,77.0,371.8,1.19,0.70,206.8
57.0,41.24,1561.69,88288.0,27599.9,77.0,371.6,1.19,0.70,206.6
58.0,41.21,1559.37,86728.7,27558.7,77.0,371.4,1.19,0.70,206.4
59.0,41.18,1557.06,85171.6,27517.5,77.0,371.3,1.19,0.70,206.3
60.0,41.15,1554.75,83616.9,27476.4,77.0,371.1,1.19,0.70,206.1
61.0,41.12,1552.43,82064.4,27435.2,77.0,371.0,1.19,0.70,206.0
62.0,41.09,1550.11,80514.3,27394.2,77.0,370.8,1.19,0.70,205.8
63.0,41.06,1547.80,78966.5,27353.1,77.0,370.7,1.19,0.70,205.7
64.0,41.03,1545.48,77421.0,27312.1,77.0,370.5,1.19,0.70,205.5
65.0,41.00,1543.16,75877.9,27271.1,77.0,370.4,1.19,0.70,205.4
66.0,40.97,1540.84,74337.1,27230.1,77.0,370.2,1.19,0.70,205.2
67.0,40.94,1538.52,72798.5,27189.2,77.0,370.0,1.19,0.70,205.0
68.0,40.91,1536.19,71262.3,27148.3,77.0,369.9,1.19,0.70,204.9
69.0,40.87,1533.87,69728.5,27107.4,77.0,369.7,1.19,0.70,204.7
70.0,40.84,1531.55,68196.9,27066.5,77.0,369.6,1.19,0.70,204.6
71.0,40.81,1529.22,66667.7,27025.7,77.0,369.4,1.19,0.70,204.4
72.0,40.78,1526.89,65140.8,26984.9,77.0,369.3,1.19,0.70,204.3
73.0,40.75,1524.57,63616.2,26944.2,77.0,369.1,1.19,0.70,204.1
74.0,40.72,1522.24,62094.0,26903.5,77.0,369.0,1.19,0.70,204.0
75.0,40.69,1519.91,60574.1,26862.8,77.0,368.8,1.20,0.70,203.8
76.0,40.66,1517.58,59056.5,26822.1,77.0,368.7,1.20,0.70,203.7
77.0,40.63,1515.25,57541.3,26781.5,77.0,368.5,1.20,0.70,203.5
78.0,40.60,1512.92,56028.4,26740.9,77.0,368.3,1.20,0.70,203.3
79.0,40.57,1510.58,54517.8,26700.3,77.0,368.2,1.20,0.70,203.2
80.0,40.54,1508.25,53009.5,26659.8,77.0,368.0,1.20,0.70,203.0
81.0,40.51,1505.91,51503.6,26619.3,77.0,367.9,1.20,0.70,202.9
82.0,40.47,1503.58,50000.0,26578.8,77.0,367.7,1.20,0.70,202.7
83.0,40.44,1501.24,48498.8,26538.4,77.0,367.6,1.20,0.70,202.6
84.0,40.41,1498.90,46999.9,26498.0,77.0,367.4,1.20,0.70,202.4
85.0,40.38,1496.56,45503.3,26457.6,77.0,367.3,1.20,0.70,202.3
86.0,40.35,1494.22,44009.1,26417.2,77.0,367.1,1.20,0.70,202.1
87.0,40.32,1491.88,42517.2,26376.9,77.0,366.9,1.20,0.70,201.9
88.0,40.29,1489.54,41027.7,26336.6,77.0,366.8,1.20,0.70,201.8
89.0,40.26,1487.20,39540.5,26296.4,77.0,366.6,1.20,0.70,201.6
90.0,40.23,1484.85,38055.6,26256.1,77.0,366.5,1.20,0.70,201.5
91.0,40.20,1482.51,36573.1,26215.9,77.0,366.3,1.20,0.70,201.3
92.0,40.17,1480.16,35093.0,26175.8,77.0,366.2,1.20,0.70,201.2
93.0,40.14,1477.81,33615.2,26135.6,77.0,366.0,1.20,0.70,201.0
94.0,40.11,1475.47,32139.7,26095.5,77.0,365.9,1.20,0.70,200.9
95.0,40.07,1473.12,30666.6,26055.4,77.0,365.7,1.21,0.70,200.7
96.0,40.04,1470.77,29195.8,26015.4,77.0,365.5,1.21,0.70,200.5
97.0,40.01,1468.42,27727.4,25975.4,77.0,365.4,1.21,0.70,200.4
98.0,39.98,1466.06,26261.3,25935.4,77.0,365.2,1.21,0.70,200.2
99.0,39.95,1463.71,24797.6,25895.5,77.0,365.1,1.21,0.70,200.1
100.0,39.92,1461.36,23336.3,25855.5,77.0,364.9,1.21,0.70,199.9
101.0,39.89,1459.00,21877.2,25815.6,77.0,364.8,1.21,0.70,199.8
102.0,39.86,1456.65,20420.6,25775.8,77.0,364.6,1.21,0.70,199.6
103.0,39.83,1454.29,18966.3,25736.0,77.0,364.5,1.21,0.70,199.5
104.0,39.80,1451.93,17514.4,25696.2,77.0,364.3,1.21,0.70,199.3
105.0,39.77,1449.57,16064.8,25656.4,77.0,364.1,1.21,0.70,199.1
106.0,39.74,1447.21,14617.6,25616.7,77.0,364.0,1.21,0.70,199.0
107.0,39.71,1444.85,13172.7,25577.0,77.0,363.8,1.21,0.70,198.8
108.0,39.67,1442.49,11730.3,25537.3,77.0,363.7,1.21,0.70,198.7
109.0,39.64,1440.13,10290.1,25497.6,77.0,363.5,1.21,0.70,198.5
110.0,39.61,1437.76,8852.4,25458.0,77.0,363.4,1.21,0.70,198.4
111.0,39.58,1435.40,7417.0,25418.4,77.0,363.2,1.21,0.70,198.2
112.0,39.55,1433.03,5983.9,25378.9,77.0,363.1,1.21,0.70,198.1
113.0,39.52,1430.66,4553.3,25339.4,77.0,362.9,1.21,0.70,197.9
114.0,39.49,1428.30,3125.0,25299.9,77.0,362.7,1.22,0.70,197.7
115.0,39.46,1425.93,1699.1,25260.4,77.0,362.6,1.22,0.70,197.6
116.0,39.43,1423.56,275.5,25221.0,77.0,362.4,1.22,0.70,197.4
117.0,39.40,1421.19,-1145.7,25181.6,77.0,362.3,1.22,0.70,197.3
118.0,39.37,1418.81,-2564.5,25142.2,77.0,362.1,1.22,0.70,197.1
119.0,39.34,1416.44,-3980.9,25102.9,77.0,362.0,1.22,0.70,197.0
120.0,39.31,1414.07,-5395.0,25063.6,77.0,361.8,1.22,0.70,196.8
121.0,39.28,1411.69,-6806.7,25024.3,77.0,361.7,1.22,0.70,196.7
122.0,39.25,1409.31,-8216.0,24985.0,77.0,361.5,1.22,0.70,196.5
123.0,39.22,1406.94,-9622.9,24945.8,77.0,361.3,1.22,0.70,196.3
124.0,39.19,1404.56,-11027.5,24906.6,77.0,361.2,1.22,0.70,196.2
125.0,39.16,1402.18,-12429.7,24867.5,77.0,361.0,1.22,0.70,196.0
126.0,39.13,1399.80,-13829.5,24828.3,77.0,360.9,1.22,0.70,195.9
127.0,39.10,1397.42,-15226.9,24789.2,77.0,360.7,1.22,0.70,195.7
128.0,39.07,1395.03,-16621.9,24750.2,77.0,360.6,1.22,0.70,195.6
129.0,39.04,1392.65,-18014.6,24711.1,77.0,360.4,1.22,0.70,195.4
130.0,39.01,1390.27,-19404.8,24672.1,77.0,360.3,1.22,0.70,195.3
131.0,38.98,1387.88,-20792.7,24633.1,77.0,360.1,1.22,0.70,195.1
132.0,38.95,1385.49,-22178.2,24594.2,77.0,359.9,1.22,0.70,194.9
133.0,38.92,1383.11,-23561.3,24555.3,77.0,359.8,1.23,0.70,194.8
134.0,38.89,1380.72,-24942.1,24516.4,77.0,359.6,1.23,0.70,194.6
135.0,38.86,1378.33,-26320.4,24477.5,77.0,359.5,1.23,0.70,194.5
136.0,38.82,1375.94,-27696.3,24438.7,77.0,359.3,1.23,0.70,194.3
137.0,38.79,1373.55,-29069.9,24399.9,77.0,359.2,1.23,0.70,194.2
138.0,38.76,1371.15,-30441.0,24361.1,77.0,359.0,1.23,0.70,194.0
139.0,38.73,1368.76,-31809.8,24322.4,77.0,358.9,1.23,0.70,193.9
140.0,38.70,1366.37,-33176.1,24283.7,77.0,358.7,1.23,0.70,193.7
141.0,38.67,1363.97,-34540.1,24245.0,77.0,358.5,1.23,0.70,193.5
142.0,38.64,1361.57,-35901.7,24206.4,77.0,358.4,1.23,0.70,193.4
143.0,38.61,1359.17,-37260.9,24167.8,77.0,358.2,1.23,0.70,193.2
144.0,38.58,1356.78,-38617.6,24129.2,77.0,358.1,1.23,0.70,193.1
145.0,38.55,1354.38,-39972.0,24090.7,77.0,357.9,1.23,0.70,192.9
146.0,38.52,1351.97,-41324.0,24052.1,77.0,357.8,1.23,0.70,192.8
147.0,38.49,1349.57,-42673.6,24013.7,77.0,357.6,1.23,0.70,192.6
148.0,38.46,1347.17,-44020.7,23975.2,77.0,357.5,1.23,0.70,192.5
149.0,38.42,1344.77,-45365.5,23936.8,77.0,357.3,1.23,0.70,192.3
150.0,38.39,1342.36,-46707.9,23898.4,77.0,357.2,1.23,0.70,192.2
151.0,38.36,1339.95,-48047.8,23860.0,77.0,357.0,1.23,0.70,192.0
152.0,38.33,1337.55,-49385.4,23821.7,77.0,356.8,1.24,0.70,191.8
153.0,38.30,1335.14,-50720.5,23783.4,77.0,356.7,1.24,0.70,191.7
154.0,38.27,1332.73,-52053.2,23745.1,77.0,356.5,1.24,0.70,191.5
155.0,38.24,1330.32,-53383.5,23706.9,77.0,356.4,1.24,0.70,191.4
156.0,38.21,1327.91,-54711.5,23668.7,77.0,356.2,1.24,0.70,191.2
157.0,38.18,1325.49,-56036.9,23630.5,77.0,356.1,1.24,0.70,191.1
158.0,38.15,1323.08,-57360.0,23592.3,77.0,355.9,1.24,0.70,190.9
159.0,38.12,1320.67,-58680.7,23554.2,77.0,355.8,1.24,0.70,190.8
160.0,38.09,1318.25,-59998.9,23516.1,77.0,355.6,1.24,0.70,190.6
161.0,38.06,1315.83,-61314.8,23478.1,77.0,355.4,1.24,0.70,190.4
162.0,38.02,1313.42,-62628.2,23440.1,77.0,355.3,1.24,0.70,190.3
163.0,37.99,1311.00,-63939.2,23402.1,77.0,355.1,1.24,0.70,190.1
164.0,37.96,1308.58,-65247.8,23364.1,77.0,355.0,1.24,0.70,190.0
165.0,37.93,1306.16,-66553.9,23326.2,77.0,354.8,1.24,0.70,189.8
166.0,37.90,1303.73,-67857.7,23288.3,77.0,354.7,1.24,0.70,189.7
167.0,37.87,1301.31,-69159.0,23250.4,77.0,354.5,1.24,0.70,189.5
168.0,37.84,1298.89,-70457.9,23212.6,77.0,354.4,1.24,0.70,189.4
169.0,37.81,1296.46,-71754.3,23174.8,77.0,354.2,1.24,0.70,189.2
170.0,37.78,1294.04,-73048.4,23137.0,77.0,354.0,1.25,0.70,189.0
171.0,37.75,1291.61,-74340.0,23099.2,77.0,353.9,1.25,0.70,188.9
172.0,37.72,1289.18,-75629.1,23061.5,77.0,353.7,1.25,0.70,188.7
173.0,37.69,1286.75,-76915.9,23023.8,77.0,353.6,1.25,0.70,188.6
174.0,37.65,1284.32,-78200.2,22986.2,77.0,353.4,1.25,0.70,188.4
175.0,37.62,1281.89,-79482.1,22948.5,77.0,353.3,1.25,0.70,188.3
176.0,37.59,1279.46,-80761.6,22911.0,77.0,353.1,1.25,0.70,188.1
177.0,37.56,1277.02,-82038.6,22873.4,77.0,353.0,1.25,0.70,188.0
178.0,37.53,1274.59,-83313.2,22835.9,77.0,352.8,1.25,0.70,187.8
179.0,37.50,1272.15,-84585.3,22798.4,77.0,352.6,1.25,0.70,187.6
180.0,37.47,1269.71,-85855.0,22760.9,77.0,352.5,1.25,0.70,187.5
181.0,37.44,1267.28,-87122.3,22723.5,77.0,352.3,1.25,0.70,187.3
182.0,37.41,1264.84,-88387.1,22686.0,77.0,352.2,1.25,0.70,187.2
183.0,37.38,1262.40,-89649.5,22648.7,77.0,352.0,1.25,0.70,187.0
184.0,37.35,1259.95,-90909.5,22611.3,77.0,351.9,1.25,0.70,186.9
185.0,37.32,1257.51,-92167.0,22574.0,77.0,351.7,1.25,0.70,186.7
186.0,37.28,1255.07,-93422.1,22536.7,77.0,351.6,1.25,0.70,186.6
187.0,37.25,1252.62,-94674.7,22499.5,77.0,351.4,1.25,0.70,186.4
188.0,37.22,1250.18,-95924.9,22462.2,77.0,351.2,1.25,0.70,186.2
189.0,37.19,1247.73,-97172.6,22425.1,77.0,351.1,1.26,0.70,186.1
190.0,37.16,1245.28,-98417.9,22387.9,77.0,350.9,1.26,0.70,185.9
191.0,37.13,1242.84,-99660.7,22350.8,77.0,350.8,1.26,0.70,185.8
192.0,37.10,1240.39,-100901.1,22313.7,77.0,350.6,1.26,0.70,185.6
193.0,37.07,1237.93,-102139.0,22276.6,77.0,350.5,1.26,0.70,185.5
194.0,37.04,1235.48,-103374.5,22239.6,77.0,350.3,1.26,0.70,185.3
195.0,37.01,1233.03,-104607.6,22202.5,77.0,350.2,1.26,0.70,185.2
196.0,36.98,1230.57,-105838.1,22165.6,77.0,350.0,1.26,0.70,185.0
197.0,36.95,1228.12,-107066.2,22128.6,77.0,349.8,1.26,0.70,184.8
198.0,36.91,1225.66,-108291.9,22091.7,77.0,349.7,1.26,0.70,184.7
199.0,36.88,1223.21,-109515.1,22054.8,77.0,349.5,1.26,0.70,184.5
200.0,36.85,1220.75,-110735.9,22018.0,77.0,349.4,1.26,0.70,184.4
201.0,36.82,1218.29,-111954.2,21981.2,77.0,349.2,1.26,0.70,184.2
202.0,36.79,1215.83,-113170.0,21944.4,77.0,349.1,1.26,0.70,184.1
203.0,36.76,1213.36,-114383.3,21907.6,77.0,348.9,1.26,0.70,183.9
204.0,36.73,1210.90,-115594.2,21870.9,77.0,348.8,1.26,0.70,183.8
205.0,36.70,1208.44,-116802.7,21834.2,77.0,348.6,1.26,0.70,183.6
206.0,36.67,1205.97,-118008.6,21797.5,77.0,348.4,1.27,0.70,183.4
207.0,36.64,1203.51,-119212.2,21760.9,77.0,348.3,1.27,0.70,183.3
208.0,36.61,1201.04,-120413.2,21724.3,77.0,348.1,1.27,0.70,183.1
209.0,36.58,1198.57,-121611.8,21687.7,77.0,348.0,1.27,0.70,183.0
210.0,36.54,1196.10,-122807.9,21651.1,77.0,347.8,1.27,0.70,182.8
211.0,36.51,1193.63,-124001.5,21614.6,77.0,347.7,1.27,0.70,182.7
212.0,36.48,1191.16,-125192.6,21578.1,77.0,347.5,1.27,0.70,182.5
213.0,36.45,1188.68,-126381.3,21541.7,77.0,347.4,1.27,0.70,182.4
214.0,36.42,1186.21,-127567.5,21505.3,77.0,347.2,1.27,0.70,182.2
215.0,36.39,1183.73,-128751.3,21468.9,77.0,347.0,1.27,0.70,182.0
216.0,36.36,1181.26,-129932.5,21432.5,77.0,346.9,1.27,0.70,181.9
217.0,36.33,1178.78,-131111.3,21396.2,77.0,346.7,1.27,0.70,181.7
218.0,36.30,1176.30,-132287.6,21359.9,77.0,346.6,1.27,0.70,181.6
219.0,36.27,1173.82,-133461.4,21323.6,77.0,346.4,1.27,0.70,181.4
220.0,36.24,1171.34,-134632.8,21287.4,77.0,346.3,1.27,0.70,181.3
221.0,36.21,1168.86,-135801.6,21251.2,77.0,346.1,1.27,0.70,181.1
222.0,36.18,1166.38,-136968.0,21215.0,77.0,346.0,1.27,0.70,181.0
223.0,36.14,1163.89,-138131.9,21178.9,77.0,345.8,1.27,0.70,180.8
224.0,36.11,1161.41,-139293.3,21142.7,77.0,345.7,1.28,0.70,180.7
225.0,36.08,1158.92,-140452.2,21106.7,77.0,345.5,1.28,0.70,180.5
226.0,36.05,1156.43,-141608.7,21070.6,77.0,345.3,1.28,0.70,180.3
227.0,36.02,1153.95,-142762.6,21034.6,77.0,345.2,1.28,0.70,180.2
228.0,35.99,1151.46,-143914.1,20998.6,77.0,345.0,1.28,0.70,180.0
229.0,35.96,1148.97,-145063.0,20962.6,77.0,344.9,1.28,0.70,179.9
230.0,35.93,1146.47,-146209.5,20926.7,77.0,344.7,1.28,0.70,179.7
231.0,35.90,1143.98,-147353.5,20890.8,77.0,344.6,1.28,0.70,179.6
232.0,35.87,1141.49,-148495.0,20854.9,77.0,344.4,1.28,0.70,179.4
233.0,35.84,1138.99,-149634.0,20819.1,77.0,344.3,1.28,0.70,179.3
234.0,35.81,1136.49,-150770.5,20783.3,77.0,344.1,1.28,0.70,179.1
235.0,35.77,1134.00,-151904.5,20747.5,77.0,343.9,1.28,0.70,178.9
236.0,35.74,1131.50,-153036.0,20711.8,77.0,343.8,1.28,0.70,178.8
237.0,35.71,1129.00,-154165.0,20676.1,77.0,343.6,1.28,0.70,178.6
238.0,35.68,1126.50,-155291.5,20640.4,77.0,343.5,1.28,0.70,178.5
239.0,35.65,1124.00,-156415.5,20604.7,77.0,343.3,1.28,0.70,178.3
240.0,35.62,1121.49,-157536.9,20569.1,77.0,343.2,1.28,0.70,178.2
241.0,35.59,1118.99,-158655.9,20533.5,77.0,343.0,1.29,0.70,178.0
242.0,35.56,1116.48,-159772.4,20498.0,77.0,342.9,1.29,0.70,177.9
243.0,35.53,1113.98,-160886.4,20462.4,77.0,342.7,1.29,0.70,177.7
244.0,35.50,1111.47,-161997.9,20427.0,77.0,342.5,1.29,0.70,177.5
245.0,35.47,1108.96,-163106.8,20391.5,77.0,342.4,1.29,0.70,177.4
246.0,35.44,1106.45,-164213.3,20356.1,77.0,342.2,1.29,0.70,177.2
247.0,35.40,1103.94,-165317.2,20320.6,77.0,342.1,1.29,0.70,177.1
248.0,35.37,1101.43,-166418.6,20285.3,77.0,341.9,1.29,0.70,176.9
249.0,35.34,1098.91,-167517.6,20249.9,77.0,341.8,1.29,0.70,176.8
250.0,35.31,1096.40,-168613.9,20214.6,77.0,341.6,1.29,0.70,176.6
251.0,35.28,1093.88,-169707.8,20179.3,77.0,341.5,1.29,0.70,176.5
252.0,35.25,1091.37,-170799.2,20144.1,77.0,341.3,1.29,0.70,176.3
253.0,35.22,1088.85,-171888.0,20108.9,77.0,341.1,1.29,0.70,176.1
254.0,35.19,1086.33,-172974.4,20073.7,77.0,341.0,1.29,0.70,176.0
255.0,35.16,1083.81,-174058.2,20038.5,77.0,340.8,1.29,0.70,175.8
256.0,35.13,1081.29,-175139.5,20003.4,77.0,340.7,1.29,0.70,175.7
257.0,35.10,1078.76,-176218.2,19968.3,77.0,340.5,1.29,0.70,175.5
258.0,35.07,1076.24,-177294.5,19933.2,77.0,340.4,1.30,0.70,175.4
259.0,35.03,1073.72,-178368.2,19898.2,77.0,340.2,1.30,0.70,175.2
260.0,35.00,1071.19,-179439.4,19863.2,77.0,340.1,1.30,0.70,175.1
261.0,34.97,1068.66,-180508.0,19828.2,77.0,339.9,1.30,0.70,174.9
262.0,34.94,1066.13,-181574.2,19793.3,77.0,339.7,1.30,0.70,174.7
263.0,34.91,1063.60,-182637.8,19758.4,77.0,339.6,1.30,0.70,174.6
264.0,34.88,1061.07,-183698.8,19723.5,77.0,339.4,1.30,0.70,174.4
265.0,34.85,1058.54,-184757.4,19688.6,77.0,339.3,1.30,0.70,174.3
266.0,34.82,1056.01,-185813.4,19653.8,77.0,339.1,1.30,0.70,174.1
267.0,34.79,1053.47,-186866.9,19619.0,77.0,339.0,1.30,0.70,174.0
268.0,34.76,1050.94,-187917.8,19584.3,77.0,338.8,1.30,0.70,173.8
269.0,34.73,1048.40,-188966.2,19549.6,77.0,338.7,1.30,0.70,173.7
270.0,34.70,1045.87,-190012.1,19514.9,77.0,338.5,1.30,0.70,173.5
271.0,34.66,1043.33,-191055.4,19480.2,77.0,338.3,1.30,0.70,173.3
272.0,34.63,1040.79,-192096.2,19445.6,77.0,338.2,1.30,0.70,173.2
273.0,34.60,1038.25,-193134.4,19411.0,77.0,338.0,1.30,0.70,173.0
274.0,34.57,1035.70,-194170.1,19376.4,77.0,337.9,1.30,0.70,172.9
275.0,34.54,1033.16,-195203.3,19341.8,77.0,337.7,1.31,0.70,172.7
276.0,34.51,1030.61,-196233.9,19307.3,77.0,337.6,1.31,0.70,172.6
277.0,34.48,1028.07,-197262.0,19272.9,77.0,337.4,1.31,0.70,172.4
278.0,34.45,1025.52,-198287.5,19238.4,77.0,337.3,1.31,0.70,172.3
279.0,34.42,1022.97,-199310.5,19204.0,77.0,337.1,1.31,0.70,172.1
280.0,34.39,1020.42,-200330.9,19169.6,77.0,336.9,1.31,0.70,171.9
281.0,34.36,1017.87,-201348.8,19135.2,77.0,336.8,1.31,0.70,171.8
282.0,34.33,1015.32,-202364.1,19100.9,77.0,336.6,1.31,0.70,171.6
283.0,34.29,1012.77,-203376.9,19066.6,77.0,336.5,1.31,0.70,171.5
284.0,34.26,1010.22,-204387.1,19032.4,77.0,336.3,1.31,0.70,171.3
285.0,34.23,1007.66,-205394.7,18998.1,77.0,336.2,1.31,0.70,171.2
286.0,34.20,1005.10,-206399.8,18963.9,77.0,336.0,1.31,0.70,171.0
287.0,34.17,1002.55,-207402.4,18929.8,77.0,335.9,1.31,0.70,170.9
288.0,34.14,999.99,-208402.4,18895.6,77.0,335.7,1.31,0.70,170.7
289.0,34.11,997.43,-209399.8,18861.5,77.0,335.6,1.31,0.70,170.6
290.0,34.08,994.87,-210394.7,18827.4,77.0,335.4,1.31,0.70,170.4
291.0,34.05,992.30,-211387.0,18793.4,77.0,335.2,1.31,0.70,170.2
292.0,34.02,989.74,-212376.7,18759.4,77.0,335.1,1.32,0.70,170.1
293.0,33.99,987.18,-213363.9,18725.4,77.0,334.9,1.32,0.70,169.9
294.0,33.96,984.61,-214348.5,18691.4,77.0,334.8,1.32,0.70,169.8
295.0,33.92,982.04,-215330.5,18657.5,77.0,334.6,1.32,0.70,169.6
296.0,33.89,979.47,-216310.0,18623.6,77.0,334.5,1.32,0.70,169.5
297.0,33.86,976.90,-217286.9,18589.7,77.0,334.3,1.32,0.70,169.3
298.0,33.83,974.33,-218261.3,18555.9,77.0,334.2,1.32,0.70,169.2
299.0,33.80,971.76,-219233.0,18522.1,77.0,334.0,1.32,0.70,169.0
300.0,33.77,969.19,-220202.2,18488.3,77.0,333.8,1.32,0.70,168.8
301.0,33.74,966.61,-221168.8,18454.6,77.0,333.7,1.32,0.70,168.7
302.0,33.71,964.04,-222132.9,18420.9,77.0,333.5,1.32,0.70,168.5
303.0,33.68,961.46,-223094.3,18387.2,77.0,333.4,1.32,0.70,168.4
304.0,33.65,958.88,-224053.2,18353.6,77.0,333.2,1.32,0.70,168.2
305.0,33.62,956.31,-225009.5,18320.0,77.0,333.1,1.32,0.70,168.1
306.0,33.59,953.73,-225963.2,18286.4,77.0,332.9,1.32,0.70,167.9
307.0,33.55,951.14,-226914.4,18252.8,77.0,332.8,1.32,0.70,167.8
308.0,33.52,948.56,-227862.9,18219.3,77.0,332.6,1.33,0.70,167.6
309.0,33.49,945.98,-228808.9,18185.8,77.0,332.4,1.33,0.70,167.4
310.0,33.46,943.39,-229752.3,18152.3,77.0,332.3,1.33,0.70,167.3
311.0,33.43,940.81,-230693.1,18118.9,77.0,332.1,1.33,0.70,167.1
312.0,33.40,938.22,-231631.3,18085.5,77.0,332.0,1.33,0.70,167.0
313.0,33.37,935.63,-232567.0,18052.1,77.0,331.8,1.33,0.70,166.8
314.0,33.34,933.04,-233500.0,18018.8,77.0,331.7,1.33,0.70,166.7
315.0,33.31,930.45,-234430.5,17985.5,77.0,331.5,1.33,0.70,166.5
316.0,33.28,927.86,-235358.3,17952.2,77.0,331.4,1.33,0.70,166.4
317.0,33.25,925.26,-236283.6,17919.0,77.0,331.2,1.33,0.70,166.2
318.0,33.22,922.67,-237206.2,17885.8,77.0,331.0,1.33,0.70,166.0
319.0,33.18,920.07,-238126.3,17852.6,77.0,330.9,1.33,0.70,165.9
320.0,33.15,917.47,-239043.8,17819.4,77.0,330.7,1.33,0.70,165.7
321.0,33.12,914.88,-239958.7,17786.3,77.0,330.6,1.33,0.70,165.6
322.0,33.09,912.28,-240870.9,17753.2,77.0,330.4,1.33,0.70,165.4
323.0,33.06,909.68,-241780.6,17720.1,77.0,330.3,1.33,0.70,165.3
324.0,33.03,907.07,-242687.7,17687.1,77.0,330.1,1.34,0.70,165.1
325.0,33.00,904.47,-243592.2,17654.1,77.0,330.0,1.34,0.70,165.0
326.0,32.97,901.87,-244494.0,17621.1,77.0,329.8,1.34,0.70,164.8
327.0,32.94,899.26,-245393.3,17588.2,77.0,329.6,1.34,0.70,164.6
328.0,32.91,896.65,-246289.9,17555.3,77.0,329.5,1.34,0.70,164.5
329.0,32.88,894.04,-247184.0,17522.4,77.0,329.3,1.34,0.70,164.3
330.0,32.85,891.43,-248075.4,17489.6,77.0,329.2,1.34,0.70,164.2
331.0,32.81,888.82,-248964.2,17456.8,77.0,329.0,1.34,0.70,164.0
332.0,32.78,886.21,-249850.5,17424.0,77.0,328.9,1.34,0.70,163.9
333.0,32.75,883.60,-250734.1,17391.2,77.0,328.7,1.34,0.70,163.7
334.0,32.72,880.98,-251615.0,17358.5,77.0,328.6,1.34,0.70,163.6
335.0,32.69,878.37,-252493.4,17325.8,77.0,328.4,1.34,0.70,163.4
336.0,32.66,875.75,-253369.2,17293.2,77.0,328.2,1.34,0.70,163.2
337.0,32.63,873.13,-254242.3,17260.5,77.0,328.1,1.34,0.70,163.1
338.0,32.60,870.51,-255112.8,17227.9,77.0,327.9,1.34,0.70,162.9
339.0,32.57,867.89,-255980.7,17195.4,77.0,327.8,1.34,0.70,162.8
340.0,32.54,865.27,-256846.0,17162.8,77.0,327.6,1.35,0.70,162.6
341.0,32.51,862.65,-257708.6,17130.3,77.0,327.5,1.35,0.70,162.5
342.0,32.48,860.02,-258568.6,17097.8,77.0,327.3,1.35,0.70,162.3
343.0,32.44,857.40,-259426.0,17065.4,77.0,327.2,1.35,0.70,162.2
344.0,32.41,854.77,-260280.8,17033.0,77.0,327.0,1.35,0.70,162.0
345.0,32.38,852.14,-261133.0,17000.6,77.0,326.8,1.35,0.70,161.8
346.0,32.35,849.51,-261982.5,16968.2,77.0,326.7,1.35,0.70,161.7
347.0,32.32,846.88,-262829.4,16935.9,77.0,326.5,1.35,0.70,161.5
348.0,32.29,844.25,-263673.6,16903.6,77.0,326.4,1.35,0.70,161.4
349.0,32.26,841.62,-264515.2,16871.4,77.0,326.2,1.35,0.70,161.2
350.0,32.23,838.98,-265354.2,16839.1,77.0,326.1,1.35,0.70,161.1
351.0,32.20,836.35,-266190.6,16807.0,77.0,325.9,1.35,0.70,160.9
352.0,32.17,833.71,-267024.3,16774.8,77.0,325.8,1.35,0.70,160.8
353.0,32.14,831.07,-267855.4,16742.6,77.0,325.6,1.35,0.70,160.6
354.0,32.11,828.43,-268683.8,16710.5,77.0,325.4,1.35,0.70,160.4
355.0,32.07,825.79,-269509.6,16678.5,77.0,325.3,1.36,0.70,160.3
356.0,32.04,823.15,-270332.7,16646.4,77.0,325.1,1.36,0.70,160.1
357.0,32.01,820.51,-271153.2,16614.4,77.0,325.0,1.36,0.70,160.0
358.0,31.98,817.86,-271971.1,16582.4,77.0,324.8,1.36,0.70,159.8
359.0,31.95,815.22,-272786.3,16550.5,77.0,324.7,1.36,0.70,159.7
360.0,31.92,812.57,-273598.9,16518.6,77.0,324.5,1.36,0.70,159.5
361.0,31.89,809.92,-274408.8,16486.7,77.0,324.4,1.36,0.70,159.4
362.0,31.86,807.27,-275216.1,16454.8,77.0,324.2,1.36,0.70,159.2
363.0,31.83,804.62,-276020.7,16423.0,77.0,324.1,1.36,0.70,159.1
364.0,31.80,801.97,-276822.7,16391.2,77.0,323.9,1.36,0.70,158.9
365.0,31.77,799.32,-277622.0,16359.4,77.0,323.7,1.36,0.70,158.7
366.0,31.74,796.66,-278418.7,16327.7,77.0,323.6,1.36,0.70,158.6
367.0,31.70,794.01,-279212.7,16296.0,77.0,323.4,1.36,0.70,158.4
368.0,31.67,791.35,-280004.0,16264.3,77.0,323.3,1.36,0.70,158.3
369.0,31.64,788.69,-280792.7,16232.7,77.0,323.1,1.36,0.70,158.1
370.0,31.61,786.03,-281578.8,16201.1,77.0,323.0,1.36,0.70,158.0
371.0,31.58,783.37,-282362.1,16169.5,77.0,322.8,1.37,0.70,157.8
372.0,31.55,780.71,-283142.8,16137.9,77.0,322.7,1.37,0.70,157.7
373.0,31.52,778.05,-283920.9,16106.4,77.0,322.5,1.37,0.70,157.5
374.0,31.49,775.38,-284696.3,16074.9,77.0,322.3,1.37,0.70,157.3
375.0,31.46,772.71,-285469.0,16043.5,77.0,322.2,1.37,0.70,157.2
376.0,31.43,770.05,-286239.0,16012.0,77.0,322.0,1.37,0.70,157.0
377.0,31.40,767.38,-287006.4,15980.6,77.0,321.9,1.37,0.70,156.9
378.0,31.37,764.71,-287771.1,15949.3,77.0,321.7,1.37,0.70,156.7
379.0,31.33,762.04,-288533.2,15917.9,77.0,321.6,1.37,0.70,156.6
380.0,31.30,759.37,-289292.5,15886.6,77.0,321.4,1.37,0.70,156.4
381.0,31.27,756.69,-290049.2,15855.4,77.0,321.3,1.37,0.70,156.3
382.0,31.24,754.02,-290803.2,15824.1,77.0,321.1,1.37,0.70,156.1
383.0,31.21,751.34,-291554.6,15792.9,77.0,320.9,1.37,0.70,155.9
384.0,31.18,748.66,-292303.2,15761.7,77.0,320.8,1.37,0.70,155.8
385.0,31.15,745.98,-293049.2,15730.6,77.0,320.6,1.37,0.70,155.6
386.0,31.12,743.30,-293792.5,15699.5,77.0,320.5,1.38,0.70,155.5
387.0,31.09,740.62,-294533.1,15668.4,77.0,320.3,1.38,0.70,155.3
388.0,31.06,737.94,-295271.1,15637.3,77.0,320.2,1.38,0.70,155.2
389.0,31.03,735.25,-296006.3,15606.3,77.0,320.0,1.38,0.70,155.0
390.0,30.99,732.57,-296738.9,15575.3,77.0,319.9,1.38,0.70,154.9
391.0,30.96,729.88,-297468.8,15544.3,77.0,319.7,1.38,0.70,154.7
392.0,30.93,727.19,-298196.0,15513.4,77.0,319.5,1.38,0.70,154.5
393.0,30.90,724.50,-298920.5,15482.5,77.0,319.4,1.38,0.70,154.4
394.0,30.87,721.81,-299642.3,15451.6,77.0,319.2,1.38,0.70,154.2
395.0,30.84,719.12,-300361.4,15420.8,77.0,319.1,1.38,0.70,154.1
396.0,30.81,716.43,-301077.8,15390.0,77.0,318.9,1.38,0.70,153.9
397.0,30.78,713.73,-301791.6,15359.2,77.0,318.8,1.38,0.70,153.8
398.0,30.75,711.04,-302502.6,15328.4,77.0,318.6,1.38,0.70,153.6
399.0,30.72,708.34,-303210.9,15297.7,77.0,318.5,1.38,0.70,153.5
400.0,30.69,705.64,-303916.6,15267.0,77.0,318.3,1.38,0.70,153.3
401.0,30.66,702.94,-304619.5,15236.4,77.0,318.1,1.39,0.70,153.1
402.0,30.62,700.24,-305319.8,15205.8,77.0,318.0,1.39,0.70,153.0
403.0,30.59,697.54,-306017.3,15175.2,77.0,317.8,1.39,0.70,152.8
404.0,30.56,694.83,-306712.1,15144.6,77.0,317.7,1.39,0.70,152.7
405.0,30.53,692.13,-307404.3,15114.1,77.0,317.5,1.39,0.70,152.5
406.0,30.50,689.42,-308093.7,15083.6,77.0,317.4,1.39,0.70,152.4
407.0,30.47,686.71,-308780.4,15053.1,77.0,317.2,1.39,0.70,152.2
408.0,30.44,684.00,-309464.4,15022.7,77.0,317.1,1.39,0.70,152.1
409.0,30.41,681.29,-310145.7,14992.3,77.0,316.9,1.39,0.70,151.9
410.0,30.38,678.58,-310824.3,14961.9,77.0,316.7,1.39,0.70,151.7
411.0,30.35,675.87,-311500.2,14931.5,77.0,316.6,1.39,0.70,151.6
412.0,30.32,673.15,-312173.3,14901.2,77.0,316.4,1.39,0.70,151.4
413.0,30.29,670.44,-312843.7,14870.9,77.0,316.3,1.39,0.70,151.3
414.0,30.25,667.72,-313511.5,14840.7,77.0,316.1,1.39,0.70,151.1
415.0,30.22,665.00,-314176.5,14810.4,77.0,316.0,1.40,0.70,151.0
416.0,30.19,662.28,-314838.8,14780.3,77.0,315.8,1.40,0.70,150.8
417.0,30.16,659.56,-315498.3,14750.1,77.0,315.7,1.40,0.70,150.7
418.0,30.13,656.84,-316155.2,14720.0,77.0,315.5,1.40,0.70,150.5
419.0,30.10,654.12,-316809.3,14689.9,77.0,315.3,1.40,0.70,150.3
420.0,30.07,651.39,-317460.7,14659.8,77.0,315.2,1.40,0.70,150.2
421.0,30.04,648.66,-318109.3,14629.7,77.0,315.0,1.40,0.70,150.0
422.0,30.01,645.94,-318755.3,14599.7,77.0,314.9,1.40,0.70,149.9
423.0,29.98,643.21,-319398.5,14569.8,77.0,314.7,1.40,0.70,149.7
424.0,29.95,640.48,-320038.9,14539.8,77.0,314.6,1.40,0.70,149.6
425.0,29.92,637.74,-320676.7,14509.9,77.0,314.4,1.40,0.70,149.4
426.0,29.88,635.01,-321311.7,14480.0,77.0,314.3,1.40,0.70,149.3
427.0,29.85,632.28,-321944.0,14450.2,77.0,314.1,1.40,0.70,149.1
428.0,29.82,629.54,-322573.5,14420.3,77.0,313.9,1.40,0.70,148.9
429.0,29.79,626.80,-323200.3,14390.5,77.0,313.8,1.40,0.70,148.8
430.0,29.76,624.06,-323824.4,14360.8,77.0,313.6,1.41,0.70,148.6
431.0,29.73,621.32,-324445.7,14331.1,77.0,313.5,1.41,0.70,148.5
432.0,29.70,618.58,-325064.3,14301.4,77.0,313.3,1.41,0.70,148.3
433.0,29.67,615.84,-325680.1,14271.7,77.0,313.2,1.41,0.70,148.2
434.0,29.64,613.10,-326293.2,14242.0,77.0,313.0,1.41,0.70,148.0
435.0,29.61,610.35,-326903.6,14212.4,77.0,312.9,1.41,0.70,147.9
436.0,29.58,607.60,-327511.2,14182.9,77.0,312.7,1.41,0.70,147.7
437.0,29.55,604.85,-328116.0,14153.3,77.0,312.6,1.41,0.70,147.6
438.0,29.51,602.11,-328718.1,14123.8,77.0,312.4,1.41,0.70,147.4
439.0,29.48,599.35,-329317.5,14094.3,77.0,312.2,1.41,0.70,147.2
440.0,29.45,596.60,-329914.1,14064.9,77.0,312.1,1.41,0.70,147.1
441.0,29.42,593.85,-330507.9,14035.4,77.0,311.9,1.41,0.70,146.9
442.0,29.39,591.09,-331099.0,14006.0,77.0,311.8,1.41,0.70,146.8
443.0,29.36,588.34,-331687.4,13976.7,77.0,311.6,1.41,0.70,146.6
444.0,29.33,585.58,-332272.9,13947.4,77.0,311.5,1.42,0.70,146.5
445.0,29.30,582.82,-332855.8,13918.1,77.0,311.3,1.42,0.70,146.3
446.0,29.27,580.06,-333435.8,13888.8,77.0,311.2,1.42,0.70,146.2
447.0,29.24,577.30,-334013.1,13859.6,77.0,311.0,1.42,0.70,146.0
448.0,29.21,574.53,-334587.7,13830.3,77.0,310.8,1.42,0.70,145.8
449.0,29.18,571.77,-335159.4,13801.2,77.0,310.7,1.42,0.70,145.7
450.0,29.14,569.00,-335728.4,13772.0,77.0,310.5,1.42,0.70,145.5
451.0,29.11,566.24,-336294.7,13742.9,77.0,310.4,1.42,0.70,145.4
452.0,29.08,563.47,-336858.1,13713.8,77.0,310.2,1.42,0.70,145.2
453.0,29.05,560.70,-337418.8,13684.8,77.0,310.1,1.42,0.70,145.1
454.0,29.02,557.92,-337976.7,13655.8,77.0,309.9,1.42,0.70,144.9
455.0,28.99,555.15,-338531.9,13626.8,77.0,309.8,1.42,0.70,144.8
456.0,28.96,552.38,-339084.3,13597.8,77.0,309.6,1.42,0.70,144.6
457.0,28.93,549.60,-339633.9,13568.9,77.0,309.4,1.42,0.70,144.4
458.0,28.90,546.82,-340180.7,13540.0,77.0,309.3,1.43,0.70,144.3
459.0,28.87,544.05,-340724.7,13511.1,77.0,309.1,1.43,0.70,144.1
460.0,28.84,541.27,-341266.0,13482.3,77.0,309.0,1.43,0.70,144.0
461.0,28.81,538.48,-341804.5,13453.5,77.0,308.8,1.43,0.70,143.8
462.0,28.77,535.70,-342340.2,13424.7,77.0,308.7,1.43,0.70,143.7
463.0,28.74,532.92,-342873.1,13395.9,77.0,308.5,1.43,0.70,143.5
464.0,28.71,530.13,-343403.2,13367.2,77.0,308.4,1.43,0.70,143.4
465.0,28.68,527.34,-343930.6,13338.6,77.0,308.2,1.43,0.70,143.2
466.0,28.65,524.56,-344455.1,13309.9,77.0,308.0,1.43,0.70,143.0
467.0,28.62,521.77,-344976.9,13281.3,77.0,307.9,1.43,0.70,142.9
468.0,28.59,518.97,-345495.9,13252.7,77.0,307.7,1.43,0.70,142.7
469.0,28.56,516.18,-346012.1,13224.1,77.0,307.6,1.43,0.70,142.6
470.0,28.53,513.39,-346525.4,13195.6,77.0,307.4,1.43,0.70,142.4
471.0,28.50,510.59,-347036.0,13167.1,77.0,307.3,1.43,0.70,142.3
472.0,28.47,507.80,-347543.8,13138.6,77.0,307.1,1.44,0.70,142.1
473.0,28.44,505.00,-348048.8,13110.2,77.0,307.0,1.44,0.70,142.0
474.0,28.40,502.20,-348551.0,13081.8,77.0,306.8,1.44,0.70,141.8
475.0,28.37,499.40,-349050.4,13053.4,77.0,306.6,1.44,0.70,141.6
476.0,28.34,496.59,-349547.0,13025.1,77.0,306.5,1.44,0.70,141.5
477.0,28.31,493.79,-350040.8,12996.8,77.0,306.3,1.44,0.70,141.3
478.0,28.28,490.98,-350531.8,12968.5,77.0,306.2,1.44,0.70,141.2
479.0,28.25,488.18,-351020.0,12940.2,77.0,306.0,1.44,0.70,141.0
480.0,28.22,485.37,-351505.3,12912.0,77.0,305.9,1.44,0.70,140.9
481.0,28.19,482.56,-351987.9,12883.8,77.0,305.7,1.44,0.70,140.7
482.0,28.16,479.75,-352467.6,12855.7,77.0,305.6,1.44,0.70,140.6
483.0,28.13,476.94,-352944.6,12827.5,77.0,305.4,1.44,0.70,140.4
484.0,28.10,474.12,-353418.7,12799.4,77.0,305.2,1.44,0.70,140.2
485.0,28.07,471.31,-353890.0,12771.4,77.0,305.1,1.44,0.70,140.1
486.0,28.03,468.49,-354358.5,12743.3,77.0,304.9,1.45,0.70,139.9
487.0,28.00,465.67,-354824.2,12715.3,77.0,304.8,1.45,0.70,139.8
488.0,27.97,462.85,-355287.0,12687.4,77.0,304.6,1.45,0.70,139.6
489.0,27.94,460.03,-355747.1,12659.4,77.0,304.5,1.45,0.70,139.5
490.0,27.91,457.21,-356204.3,12631.5,77.0,304.3,1.45,0.70,139.3
491.0,27.88,454.38,-356658.6,12603.6,77.0,304.2,1.45,0.70,139.2
492.0,27.85,451.56,-357110.2,12575.8,77.0,304.0,1.45,0.70,139.0
493.0,27.82,448.73,-357558.9,12548.0,77.0,303.8,1.45,0.70,138.8
494.0,27.79,445.90,-358004.8,12520.2,77.0,303.7,1.45,0.70,138.7
495.0,27.76,443.07,-358447.9,12492.4,77.0,303.5,1.45,0.70,138.5
496.0,27.73,440.24,-358888.2,12464.7,77.0,303.4,1.45,0.70,138.4
497.0,27.70,437.41,-359325.6,12437.0,77.0,303.2,1.45,0.70,138.2
498.0,27.66,434.57,-359760.1,12409.3,77.0,303.1,1.45,0.70,138.1
499.0,27.63,431.74,-360191.9,12381.7,77.0,302.9,1.46,0.70,137.9
500.0,27.60,428.90,-360620.8,12354.1,77.0,302.8,1.46,0.70,137.8
501.0,27.57,426.06,-361046.8,12326.5,77.0,302.6,1.46,0.70,137.6
502.0,27.54,423.22,-361470.1,12299.0,77.0,302.4,1.46,0.70,137.4
503.0,27.51,420.38,-361890.4,12271.5,77.0,302.3,1.46,0.70,137.3
504.0,27.48,417.54,-362308.0,12244.0,77.0,302.1,1.46,0.70,137.1
505.0,27.45,414.70,-362722.7,12216.5,77.0,302.0,1.46,0.70,137.0
506.0,27.42,411.85,-363134.5,12189.1,77.0,301.8,1.46,0.70,136.8
507.0,27.39,409.00,-363543.5,12161.7,77.0,301.7,1.46,0.70,136.7
508.0,27.36,406.15,-363949.7,12134.4,77.0,301.5,1.46,0.70,136.5
509.0,27.33,403.30,-364353.0,12107.1,77.0,301.4,1.46,0.70,136.4
510.0,27.29,400.45,-364753.4,12079.8,77.0,301.2,1.46,0.70,136.2
511.0,27.26,397.60,-365151.0,12052.5,77.0,301.1,1.46,0.70,136.1
512.0,27.23,394.74,-365545.8,12025.3,77.0,300.9,1.46,0.70,135.9
513.0,27.20,391.89,-365937.7,11998.1,77.0,300.7,1.47,0.70,135.7
514.0,27.17,389.03,-366326.7,11970.9,77.0,300.6,1.47,0.70,135.6
515.0,27.14,386.17,-366712.9,11943.7,77.0,300.4,1.47,0.70,135.4
516.0,27.11,383.31,-367096.2,11916.6,77.0,300.3,1.47,0.70,135.3
517.0,27.08,380.45,-367476.6,11889.6,77.0,300.1,1.47,0.70,135.1
518.0,27.05,377.58,-367854.2,11862.5,77.0,300.0,1.47,0.70,135.0
519.0,27.02,374.72,-368228.9,11835.5,77.0,299.8,1.47,0.70,134.8
520.0,26.99,371.85,-368600.8,11808.5,77.0,299.7,1.47,0.70,134.7
521.0,26.96,368.99,-368969.8,11781.6,77.0,299.5,1.47,0.70,134.5
522.0,26.92,366.12,-369335.9,11754.6,77.0,299.3,1.47,0.70,134.3
523.0,26.89,363.24,-369699.1,11727.7,77.0,299.2,1.47,0.70,134.2
524.0,26.86,360.37,-370059.5,11700.9,77.0,299.0,1.47,0.70,134.0
525.0,26.83,357.50,-370417.0,11674.0,77.0,298.9,1.47,0.70,133.9
526.0,26.80,354.62,-370771.6,11647.2,77.0,298.7,1.48,0.70,133.7
527.0,26.77,351.75,-371123.4,11620.5,77.0,298.6,1.48,0.70,133.6
528.0,26.74,348.87,-371472.2,11593.7,77.0,298.4,1.48,0.70,133.4
529.0,26.71,345.99,-371818.2,11567.0,77.0,298.3,1.48,0.70,133.3
530.0,26.68,343.11,-372161.3,11540.3,77.0,298.1,1.48,0.70,133.1
531.0,26.65,340.22,-372501.6,11513.7,77.0,297.9,1.48,0.70,132.9
532.0,26.62,337.34,-372838.9,11487.1,77.0,297.8,1.48,0.70,132.8
533.0,26.59,334.45,-373173.3,11460.5,77.0,297.6,1.48,0.70,132.6
534.0,26.55,331.57,-373504.9,11433.9,77.0,297.5,1.48,0.70,132.5
535.0,26.52,328.68,-373833.6,11407.4,77.0,297.3,1.48,0.70,132.3
536.0,26.49,325.79,-374159.4,11380.9,77.0,297.2,1.48,0.70,132.2
537.0,26.46,322.89,-374482.3,11354.5,77.0,297.0,1.48,0.70,132.0
538.0,26.43,320.00,-374802.3,11328.0,77.0,296.9,1.48,0.70,131.9
539.0,26.40,317.11,-375119.4,11301.6,77.0,296.7,1.49,0.70,131.7
540.0,26.37,314.21,-375433.6,11275.3,77.0,296.5,1.49,0.70,131.5
541.0,26.34,311.31,-375744.9,11248.9,77.0,296.4,1.49,0.70,131.4
542.0,26.31,308.41,-376053.3,11222.6,77.0,296.2,1.49,0.70,131.2
543.0,26.28,305.51,-376358.8,11196.3,77.0,296.1,1.49,0.70,131.1
544.0,26.25,302.61,-376661.4,11170.1,77.0,295.9,1.49,0.70,130.9
545.0,26.22,299.70,-376961.1,11143.9,77.0,295.8,1.49,0.70,130.8
546.0,26.18,296.80,-377257.9,11117.7,77.0,295.6,1.49,0.70,130.6
547.0,26.15,293.89,-377551.8,11091.5,77.0,295.5,1.49,0.70,130.5
548.0,26.12,290.98,-377842.8,11065.4,77.0,295.3,1.49,0.70,130.3
549.0,26.09,288.07,-378130.9,11039.3,77.0,295.1,1.49,0.70,130.1
550.0,26.06,285.16,-378416.0,11013.2,77.0,295.0,1.49,0.70,130.0
551.0,26.03,282.25,-378698.3,10987.2,77.0,294.8,1.49,0.70,129.8
552.0,26.00,279.33,-378977.6,10961.2,77.0,294.7,1.50,0.70,129.7
553.0,25.97,276.42,-379254.0,10935.2,77.0,294.5,1.50,0.70,129.5
554.0,25.94,273.50,-379527.5,10909.3,77.0,294.4,1.50,0.70,129.4
555.0,25.91,270.58,-379798.1,10883.4,77.0,294.2,1.50,0.70,129.2
556.0,25.88,267.66,-380065.8,10857.5,77.0,294.1,1.50,0.70,129.1
557.0,25.85,264.73,-380330.5,10831.7,77.0,293.9,1.50,0.70,128.9
558.0,25.81,261.81,-380592.3,10805.9,77.0,293.7,1.50,0.70,128.7
559.0,25.78,258.89,-380851.2,10780.1,77.0,293.6,1.50,0.70,128.6
560.0,25.75,255.96,-381107.2,10754.3,77.0,293.4,1.50,0.70,128.4
561.0,25.72,253.03,-381360.2,10728.6,77.0,293.3,1.50,0.70,128.3
562.0,25.69,250.10,-381610.3,10702.9,77.0,293.1,1.50,0.70,128.1
563.0,25.66,247.17,-381857.4,10677.3,77.0,293.0,1.50,0.70,128.0
564.0,25.63,244.23,-382101.7,10651.6,77.0,292.8,1.51,0.70,127.8
565.0,25.60,241.30,-382343.0,10626.0,77.0,292.7,1.51,0.70,127.7
566.0,25.57,238.36,-382581.3,10600.5,77.0,292.5,1.51,0.70,127.5
567.0,25.54,235.42,-382816.8,10574.9,77.0,292.3,1.51,0.70,127.3
568.0,25.51,232.48,-383049.3,10549.4,77.0,292.2,1.51,0.70,127.2
569.0,25.48,229.54,-383278.8,10523.9,77.0,292.0,1.51,0.70,127.0
570.0,25.44,226.60,-383505.4,10498.5,77.0,291.9,1.51,0.70,126.9
571.0,25.41,223.66,-383729.1,10473.1,77.0,291.7,1.51,0.70,126.7
572.0,25.38,220.71,-383949.8,10447.7,77.0,291.6,1.51,0.70,126.6
573.0,25.35,217.76,-384167.5,10422.3,77.0,291.4,1.51,0.70,126.4
574.0,25.32,214.81,-384382.3,10397.0,77.0,291.3,1.51,0.70,126.3
575.0,25.29,211.86,-384594.2,10371.7,77.0,291.1,1.51,0.70,126.1
576.0,25.26,208.91,-384803.1,10346.5,77.0,291.0,1.51,0.70,126.0
577.0,25.23,205.96,-385009.1,10321.2,77.0,290.8,1.52,0.70,125.8
578.0,25.20,203.00,-385212.1,10296.0,77.0,290.6,1.52,0.70,125.6
579.0,25.17,200.05,-385412.1,10270.9,77.0,290.5,1.52,0.70,125.5
580.0,25.14,197.09,-385609.2,10245.7,77.0,290.3,1.52,0.70,125.3
581.0,25.11,194.13,-385803.3,10220.6,77.0,290.2,1.52,0.70,125.2
582.0,25.07,191.17,-385994.5,10195.6,77.0,290.0,1.52,0.70,125.0
583.0,25.04,188.20,-386182.7,10170.5,77.0,289.9,1.52,0.70,124.9
584.0,25.01,185.24,-386367.9,10145.5,77.0,289.7,1.52,0.70,124.7
585.0,24.98,182.27,-386550.2,10120.5,77.0,289.6,1.52,0.70,124.6
586.0,24.95,179.30,-386729.5,10095.6,77.0,289.4,1.52,0.70,124.4
587.0,24.92,176.33,-386905.8,10070.6,77.0,289.2,1.52,0.70,124.2
588.0,24.89,173.36,-387079.2,10045.8,77.0,289.1,1.52,0.70,124.1
589.0,24.86,170.39,-387249.6,10020.9,77.0,288.9,1.53,0.70,123.9
590.0,24.83,167.41,-387417.0,9996.1,77.0,288.8,1.53,0.70,123.8
591.0,24.80,164.45,-387581.5,9971.3,76.1,288.6,1.53,0.70,123.6
592.0,24.77,161.50,-387743.0,9946.5,75.2,288.5,1.53,0.70,123.5
593.0,24.74,158.55,-387901.5,9921.8,74.3,288.3,1.53,0.70,123.3
594.0,24.70,155.62,-388057.1,9897.1,73.4,288.2,1.53,0.70,123.2
595.0,24.67,152.70,-388209.8,9872.4,72.5,288.0,1.53,0.70,123.0
596.0,24.64,149.79,-388359.6,9847.7,71.6,287.8,1.53,0.70,122.8
597.0,24.61,146.90,-388506.5,9823.1,70.7,287.7,1.53,0.70,122.7
598.0,24.58,144.03,-388650.6,9798.6,69.8,287.5,1.53,0.70,122.5
599.0,24.55,141.16,-388791.7,9774.0,68.9,287.4,1.53,0.70,122.4
600.0,24.52,138.32,-388930.0,9749.5,68.0,287.2,1.53,0.70,122.2
601.0,24.49,135.49,-389065.5,9725.0,67.1,287.1,1.54,0.70,122.1
602.0,24.46,132.68,-389198.2,9700.5,66.2,286.9,1.54,0.70,121.9
603.0,24.43,129.89,-389328.1,9676.1,65.3,286.8,1.54,0.70,121.8
604.0,24.40,127.11,-389455.2,9651.7,64.4,286.6,1.54,0.70,121.6
605.0,24.37,124.36,-389579.6,9627.3,63.5,286.4,1.54,0.70,121.4
606.0,24.33,121.62,-389701.2,9603.0,62.6,286.3,1.54,0.70,121.3
607.0,24.30,118.91,-389820.1,9578.7,61.7,286.1,1.54,0.70,121.1
608.0,24.27,116.22,-389936.3,9554.4,60.8,286.0,1.54,0.70,121.0
609.0,24.24,113.55,-390049.9,9530.2,59.9,285.8,1.54,0.70,120.8
610.0,24.21,110.91,-390160.8,9506.0,59.0,285.7,1.54,0.70,120.7
611.0,24.18,108.29,-390269.1,9481.8,58.1,285.5,1.54,0.70,120.5
612.0,24.15,105.69,-390374.7,9457.6,57.2,285.4,1.54,0.70,120.4
613.0,24.12,103.12,-390477.9,9433.5,56.3,285.2,1.55,0.70,120.2
614.0,24.09,100.57,-390578.4,9409.4,55.4,285.0,1.55,0.70,120.0
615.0,24.06,98.05,-390676.5,9385.4,54.5,284.9,1.55,0.70,119.9
616.0,24.03,95.56,-390772.0,9361.4,53.6,284.7,1.55,0.70,119.7
617.0,24.00,93.10,-390865.1,9337.4,52.7,284.6,1.55,0.70,119.6
618.0,23.96,90.66,-390955.8,9313.4,51.8,284.4,1.55,0.70,119.4
619.0,23.93,88.25,-391044.1,9289.5,50.9,284.3,1.55,0.70,119.3
620.0,23.90,85.88,-391129.9,9265.6,50.0,284.1,1.55,0.70,119.1
621.0,23.87,83.53,-391213.5,9241.7,49.1,284.0,1.55,0.70,119.0
622.0,23.84,81.22,-391294.7,9217.8,48.2,283.8,1.55,0.70,118.8
623.0,23.81,78.93,-391373.6,9194.0,47.3,283.6,1.55,0.70,118.6
624.0,23.78,76.68,-391450.3,9170.3,46.4,283.5,1.55,0.70,118.5
625.0,23.75,74.46,-391524.8,9146.5,45.5,283.3,1.56,0.70,118.3
626.0,23.72,72.28,-391597.0,9122.8,44.6,283.2,1.56,0.70,118.2
627.0,23.69,70.12,-391667.2,9099.1,43.7,283.0,1.56,0.70,118.0
628.0,23.66,68.01,-391735.2,9075.4,42.8,282.9,1.56,0.70,117.9
629.0,23.63,65.92,-391801.1,9051.8,41.9,282.7,1.56,0.70,117.7
630.0,23.60,63.88,-391865.0,9028.2,41.0,282.6,1.56,0.70,117.6
631.0,23.56,61.87,-391926.8,9004.7,40.1,282.4,1.56,0.70,117.4
632.0,23.53,59.89,-391986.7,8981.1,39.2,282.2,1.56,0.70,117.2
633.0,23.50,57.96,-392044.7,8957.6,38.3,282.1,1.56,0.70,117.1
634.0,23.47,56.06,-392100.7,8934.1,37.4,281.9,1.56,0.70,116.9
635.0,23.44,54.20,-392154.9,8910.7,36.5,281.8,1.56,0.70,116.8
636.0,23.41,52.37,-392207.3,8887.3,35.6,281.6,1.57,0.70,116.6
637.0,23.38,50.59,-392257.9,8863.9,34.7,281.5,1.57,0.70,116.5
638.0,23.35,48.85,-392306.7,8840.6,33.8,281.3,1.57,0.70,116.3
639.0,23.32,47.14,-392353.9,8817.3,32.9,281.2,1.57,0.70,116.2
640.0,23.29,45.48,-392399.4,8794.0,32.0,281.0,1.57,0.70,116.0
641.0,23.26,43.86,-392443.2,8770.7,31.1,280.8,1.57,0.70,115.8
642.0,23.23,42.28,-392485.5,8747.5,30.2,280.7,1.57,0.70,115.7
643.0,23.19,40.74,-392526.3,8724.3,29.3,280.5,1.57,0.70,115.5
644.0,23.16,39.25,-392565.5,8701.1,28.4,280.4,1.57,0.70,115.4
645.0,23.13,37.80,-392603.3,8678.0,27.5,280.2,1.57,0.70,115.2
646.0,23.10,36.39,-392639.7,8654.9,26.6,280.1,1.57,0.70,115.1
647.0,23.07,35.02,-392674.7,8631.8,25.7,279.9,1.57,0.70,114.9
648.0,23.04,33.70,-392708.4,8608.8,24.8,279.8,1.58,0.70,114.8
649.0,23.01,32.42,-392740.8,8585.8,23.9,279.6,1.58,0.70,114.6
650.0,22.98,31.19,-392772.0,8562.8,23.0,279.5,1.58,0.70,114.5
651.0,22.95,30.00,-392802.0,8539.8,22.1,279.3,1.58,0.70,114.3
652.0,22.92,28.86,-392830.9,8516.9,21.2,279.1,1.58,0.70,114.1
653.0,22.89,27.76,-392858.6,8494.0,20.3,279.0,1.58,0.70,114.0
654.0,22.86,26.71,-392885.4,8471.2,19.4,278.8,1.58,0.70,113.8
655.0,22.82,25.71,-392911.1,8448.4,18.5,278.7,1.58,0.70,113.7
656.0,22.79,24.75,-392935.8,8425.6,17.6,278.5,1.58,0.70,113.5
657.0,22.76,23.84,-392959.7,8402.8,16.7,278.4,1.58,0.70,113.4
658.0,22.73,22.98,-392982.6,8380.1,15.8,278.2,1.58,0.70,113.2
659.0,22.70,22.16,-393004.8,8357.4,14.9,278.1,1.59,0.70,113.1
660.0,22.67,21.40,-393026.2,8334.7,14.0,277.9,1.59,0.70,112.9
661.0,22.64,20.68,-393046.9,8312.1,13.1,277.7,1.59,0.70,112.7
662.0,22.61,20.01,-393066.9,8289.5,12.2,277.6,1.59,0.70,112.6
663.0,22.58,19.38,-393086.3,8266.9,11.3,277.4,1.59,0.70,112.4
664.0,22.55,18.81,-393105.1,8244.3,10.4,277.3,1.59,0.70,112.3
665.0,22.52,18.29,-393123.4,8221.8,9.5,277.1,1.59,0.70,112.1
666.0,22.49,17.81,-393141.2,8199.3,8.6,277.0,1.59,0.70,112.0
667.0,22.46,17.38,-393158.6,8176.9,7.7,276.8,1.59,0.70,111.8
668.0,22.42,17.01,-393175.6,8154.4,6.8,276.7,1.59,0.70,111.7
669.0,22.39,16.68,-393192.2,8132.0,5.9,276.5,1.59,0.70,111.5
670.0,22.36,16.40,-393208.6,8109.7,5.0,276.3,1.59,0.70,111.3
671.0,22.33,16.17,-393224.8,8087.4,4.1,276.2,1.60,0.70,111.2
672.0,22.30,15.99,-393240.8,8065.0,3.2,276.0,1.60,0.70,111.0
673.0,22.27,15.87,-393256.7,8042.8,2.3,275.9,1.60,0.70,110.9
674.0,22.24,15.79,-393272.5,8020.5,1.4,275.7,1.60,0.70,110.7
675.0,22.21,15.76,-393288.2,7998.3,0.5,275.6,1.60,0.70,110.6
676.0,22.18,15.76,-393304.0,7976.1,0.0,275.4,1.60,0.70,110.4
677.0,22.15,15.76,-393319.7,7954.0,0.0,275.3,1.60,0.70,110.3
678.0,22.12,15.76,-393335.5,7931.9,0.0,275.1,1.60,0.70,110.1
679.0,22.09,15.76,-393351.3,7909.8,0.0,274.9,1.60,0.70,109.9
680.0,22.06,15.76,-393367.0,7887.7,0.0,274.8,1.60,0.70,109.8
681.0,22.03,15.76,-393382.8,7865.7,0.0,274.6,1.60,0.70,109.6
682.0,22.00,15.76,-393398.5,7843.7,0.0,274.5,1.61,0.70,109.5
683.0,21.98,15.76,-393414.3,7821.7,0.0,274.3,1.61,0.70,109.3
684.0,21.95,15.76,-393430.1,7799.8,0.0,274.2,1.61,0.70,109.2
685.0,21.92,15.76,-393445.8,7777.8,0.0,274.0,1.61,0.70,109.0
686.0,21.89,15.76,-393461.6,7755.9,0.0,273.9,1.61,0.70,108.9
687.0,21.86,15.76,-393477.3,7734.1,0.0,273.7,1.61,0.70,108.7
688.0,21.83,15.76,-393493.1,7712.2,0.0,273.5,1.61,0.70,108.5
689.0,21.80,15.76,-393508.9,7690.4,0.0,273.4,1.61,0.70,108.4
690.0,21.77,15.76,-393524.6,7668.7,0.0,273.2,1.61,0.70,108.2
691.0,21.74,15.76,-393540.4,7646.9,0.0,273.1,1.61,0.70,108.1
692.0,21.71,15.76,-393556.1,7625.2,0.0,272.9,1.61,0.70,107.9
693.0,21.68,15.76,-393571.9,7603.5,0.0,272.8,1.62,0.70,107.8
694.0,21.65,15.76,-393587.6,7581.9,0.0,272.6,1.62,0.70,107.6
695.0,21.62,15.76,-393603.4,7560.3,0.0,272.5,1.62,0.70,107.5
696.0,21.59,15.76,-393619.2,7538.7,0.0,272.3,1.62,0.70,107.3
697.0,21.56,15.76,-393634.9,7517.1,0.0,272.1,1.62,0.70,107.1
698.0,21.53,15.76,-393650.7,7495.6,0.0,272.0,1.62,0.70,107.0
699.0,21.50,15.76,-393666.4,7474.1,0.0,271.8,1.62,0.70,106.8
700.0,21.47,15.76,-393682.2,7452.6,0.0,271.7,1.62,0.70,106.7
701.0,21.44,15.76,-393698.0,7431.2,0.0,271.5,1.62,0.70,106.5
702.0,21.41,15.76,-393713.7,7409.8,0.0,271.4,1.62,0.70,106.4
703.0,21.37,15.76,-393729.5,7388.4,0.0,271.2,1.63,0.70,106.2
704.0,21.34,15.76,-393745.2,7367.1,0.0,271.1,1.63,0.70,106.1
705.0,21.31,15.76,-393761.0,7345.7,0.0,270.9,1.63,0.70,105.9
706.0,21.28,15.76,-393776.8,7324.5,0.0,270.7,1.63,0.70,105.7
707.0,21.25,15.76,-393792.5,7303.2,0.0,270.6,1.63,0.70,105.6
708.0,21.22,15.76,-393808.3,7282.0,0.0,270.4,1.63,0.70,105.4
709.0,21.19,15.76,-393824.0,7260.8,0.0,270.3,1.63,0.70,105.3
710.0,21.16,15.76,-393839.8,7239.6,0.0,270.1,1.63,0.70,105.1
711.0,21.13,15.76,-393855.6,7218.5,0.0,270.0,1.63,0.70,105.0
712.0,21.10,15.76,-393871.3,7197.4,0.0,269.8,1.63,0.70,104.8
713.0,21.07,15.76,-393887.1,7176.4,0.0,269.7,1.63,0.70,104.7
714.0,21.04,15.76,-393902.8,7155.3,0.0,269.5,1.64,0.70,104.5
715.0,21.01,15.76,-393918.6,7134.3,0.0,269.3,1.64,0.70,104.3
716.0,20.97,15.76,-393934.3,7113.3,0.0,269.2,1.64,0.70,104.2
717.0,20.94,15.76,-393950.1,7092.4,0.0,269.0,1.64,0.70,104.0
718.0,20.91,15.76,-393965.9,7071.5,0.0,268.9,1.64,0.70,103.9
719.0,20.88,15.76,-393981.6,7050.6,0.0,268.7,1.64,0.70,103.7
720.0,20.85,15.76,-393997.4,7029.7,0.0,268.6,1.64,0.70,103.6
721.0,20.82,15.76,-394013.1,7008.9,0.0,268.4,1.64,0.70,103.4
722.0,20.79,15.76,-394028.9,6988.1,0.0,268.3,1.64,0.70,103.3
723.0,20.76,15.76,-394044.7,6967.4,0.0,268.1,1.64,0.70,103.1
724.0,20.73,15.76,-394060.4,6946.7,0.0,268.0,1.64,0.70,103.0
725.0,20.70,15.76,-394076.2,6926.0,0.0,267.8,1.65,0.70,102.8
726.0,20.67,15.76,-394091.9,6905.3,0.0,267.6,1.65,0.70,102.6
727.0,20.64,15.76,-394107.7,6884.7,0.0,267.5,1.65,0.70,102.5
728.0,20.60,15.76,-394123.5,6864.0,0.0,267.3,1.65,0.70,102.3
729.0,20.57,15.76,-394139.2,6843.5,0.0,267.2,1.65,0.70,102.2
730.0,20.54,15.76,-394155.0,6822.9,0.0,267.0,1.65,0.70,102.0
731.0,20.51,15.76,-394170.7,6802.4,0.0,266.9,1.65,0.70,101.9
732.0,20.48,15.76,-394186.5,6781.9,0.0,266.7,1.65,0.70,101.7
733.0,20.45,15.76,-394202.3,6761.5,0.0,266.6,1.65,0.70,101.6
734.0,20.42,15.76,-394218.0,6741.1,0.0,266.4,1.65,0.70,101.4
735.0,20.39,15.76,-394233.8,6720.7,0.0,266.2,1.66,0.70,101.2
736.0,20.36,15.76,-394249.5,6700.3,0.0,266.1,1.66,0.70,101.1
737.0,20.33,15.76,-394265.3,6680.0,0.0,265.9,1.66,0.70,100.9
738.0,20.30,15.76,-394281.1,6659.7,0.0,265.8,1.66,0.70,100.8
739.0,20.26,15.76,-394296.8,6639.4,0.0,265.6,1.66,0.70,100.6
740.0,20.23,15.76,-394312.6,6619.2,0.0,265.5,1.66,0.70,100.5
741.0,20.20,15.76,-394328.3,6599.0,0.0,265.3,1.66,0.70,100.3
742.0,20.17,15.76,-394344.1,6578.8,0.0,265.2,1.66,0.70,100.2
743.0,20.14,15.76,-394359.8,6558.7,0.0,265.0,1.66,0.70,100.0
744.0,20.11,15.76,-394375.6,6538.6,0.0,264.8,1.66,0.70,99.8
745.0,20.08,15.76,-394391.4,6518.5,0.0,264.7,1.67,0.70,99.7
746.0,20.05,15.76,-394407.1,6498.5,0.0,264.5,1.67,0.70,99.5
747.0,20.02,15.76,-394422.9,6478.4,0.0,264.4,1.67,0.70,99.4
748.0,19.99,15.76,-394438.6,6458.4,0.0,264.2,1.67,0.70,99.2
749.0,19.96,15.76,-394454.4,6438.5,0.0,264.1,1.67,0.70,99.1
750.0,19.93,15.76,-394470.2,6418.6,0.0,263.9,1.67,0.70,98.9
751.0,19.89,15.76,-394485.9,6398.7,0.0,263.8,1.67,0.70,98.8
752.0,19.86,15.76,-394501.7,6378.8,0.0,263.6,1.67,0.70,98.6
753.0,19.83,15.76,-394517.4,6359.0,0.0,263.4,1.67,0.70,98.4
754.0,19.80,15.76,-394533.2,6339.2,0.0,263.3,1.67,0.70,98.3
755.0,19.77,15.76,-394549.0,6319.4,0.0,263.1,1.67,0.70,98.1
756.0,19.74,15.76,-394564.7,6299.7,0.0,263.0,1.68,0.70,98.0
757.0,19.71,15.76,-394580.5,6280.0,0.0,262.8,1.68,0.70,97.8
758.0,19.68,15.76,-394596.2,6260.3,0.0,262.7,1.68,0.70,97.7
759.0,19.65,15.76,-394612.0,6240.6,0.0,262.5,1.68,0.70,97.5
760.0,19.62,15.76,-394627.8,6221.0,0.0,262.4,1.68,0.70,97.4
761.0,19.59,15.76,-394643.5,6201.4,0.0,262.2,1.68,0.70,97.2
762.0,19.55,15.76,-394659.3,6181.9,0.0,262.0,1.68,0.70,97.0
763.0,19.52,15.76,-394675.0,6162.3,0.0,261.9,1.68,0.70,96.9
764.0,19.49,15.76,-394690.8,6142.9,0.0,261.7,1.68,0.70,96.7
765.0,19.46,15.76,-394706.5,6123.4,0.0,261.6,1.68,0.70,96.6
766.0,19.43,15.76,-394722.3,6104.0,0.0,261.4,1.69,0.70,96.4
767.0,19.40,15.76,-394738.1,6084.6,0.0,261.3,1.69,0.70,96.3
768.0,19.37,15.76,-394753.8,6065.2,0.0,261.1,1.69,0.70,96.1
769.0,19.34,15.76,-394769.6,6045.9,0.0,261.0,1.69,0.70,96.0
770.0,19.31,15.76,-394785.3,6026.5,0.0,260.8,1.69,0.70,95.8
771.0,19.28,15.76,-394801.1,6007.3,0.0,260.6,1.69,0.70,95.6
772.0,19.25,15.76,-394816.9,5988.0,0.0,260.5,1.69,0.70,95.5
773.0,19.21,15.76,-394832.6,5968.8,0.0,260.3,1.69,0.70,95.3
774.0,19.18,15.76,-394848.4,5949.6,0.0,260.2,1.69,0.70,95.2
775.0,19.15,15.76,-394864.1,5930.5,0.0,260.0,1.69,0.70,95.0
776.0,19.12,15.76,-394879.9,5911.4,0.0,259.9,1.70,0.70,94.9
777.0,19.09,15.76,-394895.7,5892.3,0.0,259.7,1.70,0.70,94.7
778.0,19.06,15.76,-394911.4,5873.2,0.0,259.6,1.70,0.70,94.6
779.0,19.03,15.76,-394927.2,5854.2,0.0,259.4,1.70,0.70,94.4
780.0,19.00,15.76,-394942.9,5835.2,0.0,259.2,1.70,0.70,94.2
781.0,18.97,15.76,-394958.7,5816.2,0.0,259.1,1.70,0.70,94.1
782.0,18.94,15.76,-394974.5,5797.3,0.0,258.9,1.70,0.70,93.9
783.0,18.91,15.76,-394990.2,5778.4,0.0,258.8,1.70,0.70,93.8
784.0,18.87,15.76,-395006.0,5759.5,0.0,258.6,1.70,0.70,93.6
785.0,18.84,15.76,-395021.7,5740.6,0.0,258.5,1.71,0.70,93.5
786.0,18.81,15.76,-395037.5,5721.8,0.0,258.3,1.71,0.70,93.3
787.0,18.78,15.76,-395053.3,5703.0,0.0,258.2,1.71,0.70,93.2
788.0,18.75,15.76,-395069.0,5684.3,0.0,258.0,1.71,0.70,93.0
789.0,18.72,15.76,-395084.8,5665.6,0.0,257.9,1.71,0.70,92.9
790.0,18.69,15.76,-395100.5,5646.9,0.0,257.7,1.71,0.70,92.7
791.0,18.66,15.76,-395116.3,5628.2,0.0,257.5,1.71,0.70,92.5
792.0,18.63,15.76,-395132.0,5609.6,0.0,257.4,1.71,0.70,92.4
793.0,18.60,15.76,-395147.8,5591.0,0.0,257.2,1.71,0.70,92.2
794.0,18.57,15.76,-395163.6,5572.4,0.0,257.1,1.71,0.70,92.1
795.0,18.54,15.76,-395179.3,5553.9,0.0,256.9,1.72,0.70,91.9
796.0,18.50,15.76,-395195.1,5535.4,0.0,256.8,1.72,0.70,91.8
797.0,18.47,15.76,-395210.8,5516.9,0.0,256.6,1.72,0.70,91.6
798.0,18.44,15.76,-395226.6,5498.5,0.0,256.5,1.72,0.70,91.5
799.0,18.41,15.76,-395242.4,5480.1,0.0,256.3,1.72,0.70,91.3
800.0,18.38,15.76,-395258.1,5461.7,0.0,256.1,1.72,0.70,91.1
801.0,18.35,15.76,-395273.9,5443.3,0.0,256.0,1.72,0.70,91.0
802.0,18.32,15.76,-395289.6,5425.0,0.0,255.8,1.72,0.70,90.8
803.0,18.29,15.76,-395305.4,5406.7,0.0,255.7,1.72,0.70,90.7
804.0,18.26,15.76,-395321.2,5388.5,0.0,255.5,1.72,0.70,90.5
805.0,18.23,15.76,-395336.9,5370.2,0.0,255.4,1.73,0.70,90.4
806.0,18.20,15.76,-395352.7,5352.1,0.0,255.2,1.73,0.70,90.2
807.0,18.16,15.76,-395368.4,5333.9,0.0,255.1,1.73,0.70,90.1
808.0,18.13,15.76,-395384.2,5315.8,0.0,254.9,1.73,0.70,89.9
809.0,18.10,15.76,-395400.0,5297.7,0.0,254.7,1.73,0.70,89.7
810.0,18.07,15.76,-395415.7,5279.6,0.0,254.6,1.73,0.70,89.6
811.0,18.04,15.76,-395431.5,5261.5,0.0,254.4,1.73,0.70,89.4
812.0,18.01,15.76,-395447.2,5243.5,0.0,254.3,1.73,0.70,89.3
813.0,17.98,15.76,-395463.0,5225.6,0.0,254.1,1.73,0.70,89.1
814.0,17.95,15.76,-395478.7,5207.6,0.0,254.0,1.74,0.70,89.0
815.0,17.92,15.76,-395494.5,5189.7,0.0,253.8,1.74,0.70,88.8
816.0,17.89,15.76,-395510.3,5171.8,0.0,253.7,1.74,0.70,88.7
817.0,17.86,15.76,-395526.0,5153.9,0.0,253.5,1.74,0.70,88.5
818.0,17.82,15.76,-395541.8,5136.1,0.0,253.3,1.74,0.70,88.3
819.0,17.79,15.76,-395557.5,5118.3,0.0,253.2,1.74,0.70,88.2
820.0,17.76,15.76,-395573.3,5100.6,0.0,253.0,1.74,0.70,88.0
821.0,17.73,15.76,-395589.1,5082.8,0.0,252.9,1.74,0.70,87.9
822.0,17.70,15.76,-395604.8,5065.1,0.0,252.7,1.74,0.70,87.7
823.0,17.67,15.76,-395620.6,5047.5,0.0,252.6,1.75,0.70,87.6
824.0,17.64,15.76,-395636.3,5029.8,0.0,252.4,1.75,0.70,87.4
825.0,17.61,15.76,-395652.1,5012.2,0.0,252.3,1.75,0.70,87.3
826.0,17.58,15.76,-395667.9,4994.6,0.0,252.1,1.75,0.70,87.1
827.0,17.55,15.76,-395683.6,4977.1,0.0,251.9,1.75,0.70,86.9
828.0,17.52,15.76,-395699.4,4959.6,0.0,251.8,1.75,0.70,86.8
829.0,17.48,15.76,-395715.1,4942.1,0.0,251.6,1.75,0.70,86.6
830.0,17.45,15.76,-395730.9,4924.6,0.0,251.5,1.75,0.70,86.5
831.0,17.42,15.76,-395746.7,4907.2,0.0,251.3,1.75,0.70,86.3
832.0,17.39,15.76,-395762.4,4889.8,0.0,251.2,1.75,0.70,86.2
833.0,17.36,15.76,-395778.2,4872.5,0.0,251.0,1.76,0.70,86.0
834.0,17.33,15.76,-395793.9,4855.1,0.0,250.9,1.76,0.70,85.9
835.0,17.30,15.76,-395809.7,4837.8,0.0,250.7,1.76,0.70,85.7
836.0,17.27,15.76,-395825.5,4820.6,0.0,250.5,1.76,0.70,85.5
837.0,17.24,15.76,-395841.2,4803.3,0.0,250.4,1.76,0.70,85.4
838.0,17.21,15.76,-395857.0,4786.1,0.0,250.2,1.76,0.70,85.2
839.0,17.18,15.76,-395872.7,4769.0,0.0,250.1,1.76,0.70,85.1
840.0,17.14,15.76,-395888.5,4751.8,0.0,249.9,1.76,0.70,84.9
841.0,17.11,15.76,-395904.2,4734.7,0.0,249.8,1.76,0.70,84.8
842.0,17.08,15.76,-395920.0,4717.6,0.0,249.6,1.77,0.70,84.6
843.0,17.05,15.76,-395935.8,4700.6,0.0,249.5,1.77,0.70,84.5
844.0,17.02,15.76,-395951.5,4683.5,0.0,249.3,1.77,0.70,84.3
845.0,16.99,15.76,-395967.3,4666.6,0.0,249.1,1.77,0.70,84.1
846.0,16.96,15.76,-395983.0,4649.6,0.0,249.0,1.77,0.70,84.0
847.0,16.93,15.76,-395998.8,4632.7,0.0,248.8,1.77,0.70,83.8
848.0,16.90,15.76,-396014.6,4615.8,0.0,248.7,1.77,0.70,83.7
849.0,16.87,15.76,-396030.3,4598.9,0.0,248.5,1.77,0.70,83.5
850.0,16.84,15.76,-396046.1,4582.1,0.0,248.4,1.77,0.70,83.4
851.0,16.80,15.76,-396061.8,4565.3,0.0,248.2,1.78,0.70,83.2
852.0,16.77,15.76,-396077.6,4548.5,0.0,248.1,1.78,0.70,83.1
853.0,16.74,15.76,-396093.4,4531.7,0.0,247.9,1.78,0.70,82.9
854.0,16.71,15.76,-396109.1,4515.0,0.0,247.7,1.78,0.70,82.7
855.0,16.68,15.76,-396124.9,4498.4,0.0,247.6,1.78,0.70,82.6
856.0,16.65,15.76,-396140.6,4481.7,0.0,247.4,1.78,0.70,82.4
857.0,16.62,15.76,-396156.4,4465.1,0.0,247.3,1.78,0.70,82.3
858.0,16.59,15.76,-396172.2,4448.5,0.0,247.1,1.78,0.70,82.1
859.0,16.56,15.76,-396187.9,4431.9,0.0,247.0,1.78,0.70,82.0
860.0,16.53,15.76,-396203.7,4415.4,0.0,246.8,1.79,0.70,81.8
861.0,16.50,15.76,-396219.4,4398.9,0.0,246.7,1.79,0.70,81.7
862.0,16.46,15.76,-396235.2,4382.5,0.0,246.5,1.79,0.70,81.5
863.0,16.43,15.76,-396251.0,4366.0,0.0,246.4,1.79,0.70,81.4
864.0,16.40,15.76,-396266.7,4349.6,0.0,246.2,1.79,0.70,81.2
865.0,16.37,15.76,-396282.5,4333.2,0.0,246.0,1.79,0.70,81.0
866.0,16.34,15.76,-396298.2,4316.9,0.0,245.9,1.79,0.70,80.9
867.0,16.31,15.76,-396314.0,4300.6,0.0,245.7,1.79,0.70,80.7
868.0,16.28,15.76,-396329.7,4284.3,0.0,245.6,1.79,0.70,80.6
869.0,16.25,15.76,-396345.5,4268.1,0.0,245.4,1.80,0.70,80.4
870.0,16.22,15.76,-396361.3,4251.9,0.0,245.3,1.80,0.70,80.3
871.0,16.19,15.76,-396377.0,4235.7,0.0,245.1,1.80,0.70,80.1
872.0,16.16,15.76,-396392.8,4219.5,0.0,245.0,1.80,0.70,80.0
873.0,16.12,15.76,-396408.5,4203.4,0.0,244.8,1.80,0.70,79.8
874.0,16.09,15.76,-396424.3,4187.3,0.0,244.6,1.80,0.70,79.6
875.0,16.06,15.76,-396440.1,4171.2,0.0,244.5,1.80,0.70,79.5
876.0,16.03,15.76,-396455.8,4155.2,0.0,244.3,1.80,0.70,79.3
877.0,16.00,15.76,-396471.6,4139.2,0.0,244.2,1.80,0.70,79.2
878.0,15.97,15.76,-396487.3,4123.2,0.0,244.0,1.81,0.70,79.0
879.0,15.94,15.76,-396503.1,4107.3,0.0,243.9,1.81,0.70,78.9
880.0,15.91,15.76,-396518.9,4091.4,0.0,243.7,1.81,0.70,78.7
881.0,15.88,15.76,-396534.6,4075.5,0.0,243.6,1.81,0.70,78.6
882.0,15.85,15.76,-396550.4,4059.7,0.0,243.4,1.81,0.70,78.4
883.0,15.82,15.76,-396566.1,4043.8,0.0,243.2,1.81,0.70,78.2
884.0,15.78,15.76,-396581.9,4028.1,0.0,243.1,1.81,0.70,78.1
885.0,15.75,15.76,-396597.7,4012.3,0.0,242.9,1.81,0.70,77.9
886.0,15.72,15.76,-396613.4,3996.6,0.0,242.8,1.82,0.70,77.8
887.0,15.69,15.76,-396629.2,3980.9,0.0,242.6,1.82,0.70,77.6
888.0,15.66,15.76,-396644.9,3965.2,0.0,242.5,1.82,0.70,77.5
889.0,15.63,15.76,-396660.7,3949.6,0.0,242.3,1.82,0.70,77.3
890.0,15.60,15.76,-396676.4,3934.0,0.0,242.2,1.82,0.70,77.2
891.0,15.57,15.76,-396692.2,3918.4,0.0,242.0,1.82,0.70,77.0
892.0,15.54,15.76,-396708.0,3902.9,0.0,241.8,1.82,0.70,76.8
893.0,15.51,15.76,-396723.7,3887.4,0.0,241.7,1.82,0.70,76.7
894.0,15.48,15.76,-396739.5,3871.9,0.0,241.5,1.82,0.70,76.5
895.0,15.44,15.76,-396755.2,3856.5,0.0,241.4,1.83,0.70,76.4
896.0,15.41,15.76,-396771.0,3841.1,0.0,241.2,1.83,0.70,76.2
897.0,15.38,15.76,-396786.8,3825.7,0.0,241.1,1.83,0.70,76.1
898.0,15.35,15.76,-396802.5,3810.3,0.0,240.9,1.83,0.70,75.9
899.0,15.32,15.76,-396818.3,3795.0,0.0,240.8,1.83,0.70,75.8
900.0,15.29,15.76,-396834.0,3779.7,0.0,240.6,1.83,0.70,75.6
901.0,15.26,15.76,-396849.8,3764.5,0.0,240.4,1.83,0.70,75.4
902.0,15.23,15.76,-396865.6,3749.2,0.0,240.3,1.83,0.70,75.3
903.0,15.20,15.76,-396881.3,3734.0,0.0,240.1,1.84,0.70,75.1
904.0,15.17,15.76,-396897.1,3718.9,0.0,240.0,1.84,0.70,75.0
905.0,15.14,15.76,-396912.8,3703.7,0.0,239.8,1.84,0.70,74.8
906.0,15.10,15.76,-396928.6,3688.6,0.0,239.7,1.84,0.70,74.7
907.0,15.07,15.76,-396944.4,3673.6,0.0,239.5,1.84,0.70,74.5
908.0,15.04,15.76,-396960.1,3658.5,0.0,239.4,1.84,0.70,74.4
909.0,15.01,15.76,-396975.9,3643.5,0.0,239.2,1.84,0.70,74.2
910.0,14.98,15.76,-396991.6,3628.5,0.0,239.0,1.84,0.70,74.0
911.0,14.95,15.76,-397007.4,3613.6,0.0,238.9,1.84,0.70,73.9
912.0,14.92,15.76,-397023.2,3598.6,0.0,238.7,1.85,0.70,73.7
913.0,14.89,15.76,-397038.9,3583.8,0.0,238.6,1.85,0.70,73.6
914.0,14.86,15.76,-397054.7,3568.9,0.0,238.4,1.85,0.70,73.4
915.0,14.83,15.76,-397070.4,3554.1,0.0,238.3,1.85,0.70,73.3
916.0,14.80,15.76,-397086.2,3539.3,0.0,238.1,1.85,0.70,73.1
917.0,14.76,15.76,-397101.9,3524.5,0.0,238.0,1.85,0.70,73.0
918.0,14.73,15.76,-397117.7,3509.8,0.0,237.8,1.85,0.70,72.8
919.0,14.70,15.76,-397133.5,3495.1,0.0,237.6,1.85,0.70,72.6
920.0,14.67,15.76,-397149.2,3480.4,0.0,237.5,1.86,0.70,72.5
921.0,14.64,15.76,-397165.0,3465.8,0.0,237.3,1.86,0.70,72.3
922.0,14.61,15.76,-397180.7,3451.2,0.0,237.2,1.86,0.70,72.2
923.0,14.58,15.76,-397196.5,3436.6,0.0,237.0,1.86,0.70,72.0
924.0,14.55,15.76,-397212.3,3422.0,0.0,236.9,1.86,0.70,71.9
925.0,14.52,15.76,-397228.0,3407.5,0.0,236.7,1.86,0.70,71.7
926.0,14.49,15.76,-397243.8,3393.0,0.0,236.6,1.86,0.70,71.6
927.0,14.46,15.76,-397259.5,3378.6,0.0,236.4,1.86,0.70,71.4
928.0,14.42,15.76,-397275.3,3364.2,0.0,236.2,1.87,0.70,71.2
929.0,14.39,15.76,-397291.1,3349.8,0.0,236.1,1.87,0.70,71.1
930.0,14.36,15.76,-397306.8,3335.4,0.0,235.9,1.87,0.70,70.9
931.0,14.33,15.76,-397322.6,3321.1,0.0,235.8,1.87,0.70,70.8
932.0,14.30,15.76,-397338.3,3306.8,0.0,235.6,1.87,0.70,70.6
933.0,14.27,15.76,-397354.1,3292.5,0.0,235.5,1.87,0.70,70.5
934.0,14.24,15.76,-397369.9,3278.3,0.0,235.3,1.87,0.70,70.3
935.0,14.21,15.76,-397385.6,3264.0,0.0,235.2,1.87,0.70,70.2
936.0,14.18,15.76,-397401.4,3249.9,0.0,235.0,1.88,0.70,70.0
937.0,14.15,15.76,-397417.1,3235.7,0.0,234.9,1.88,0.70,69.9
938.0,14.12,15.76,-397432.9,3221.6,0.0,234.7,1.88,0.70,69.7
939.0,14.08,15.76,-397448.6,3207.5,0.0,234.5,1.88,0.70,69.5
940.0,14.05,15.76,-397464.4,3193.5,0.0,234.4,1.88,0.70,69.4
941.0,14.02,15.76,-397480.2,3179.4,0.0,234.2,1.88,0.70,69.2
942.0,13.99,15.76,-397495.9,3165.5,0.0,234.1,1.88,0.70,69.1
943.0,13.96,15.76,-397511.7,3151.5,0.0,233.9,1.88,0.70,68.9
944.0,13.93,15.76,-397527.4,3137.6,0.0,233.8,1.89,0.70,68.8
945.0,13.90,15.76,-397543.2,3123.7,0.0,233.6,1.89,0.70,68.6
946.0,13.87,15.76,-397559.0,3109.8,0.0,233.5,1.89,0.70,68.5
947.0,13.84,15.76,-397574.7,3096.0,0.0,233.3,1.89,0.70,68.3
948.0,13.81,15.76,-397590.5,3082.2,0.0,233.1,1.89,0.70,68.1
949.0,13.78,15.76,-397606.2,3068.4,0.0,233.0,1.89,0.70,68.0
950.0,13.74,15.76,-397622.0,3054.6,0.0,232.8,1.89,0.70,67.8
951.0,13.71,15.76,-397637.8,3040.9,0.0,232.7,1.89,0.70,67.7
952.0,13.68,15.76,-397653.5,3027.2,0.0,232.5,1.90,0.70,67.5
953.0,13.65,15.76,-397669.3,3013.6,0.0,232.4,1.90,0.70,67.4
954.0,13.62,15.76,-397685.0,3000.0,0.0,232.2,1.90,0.70,67.2
955.0,13.59,15.76,-397700.8,2986.4,0.0,232.1,1.90,0.70,67.1
956.0,13.56,15.76,-397716.6,2972.8,0.0,231.9,1.90,0.70,66.9
957.0,13.53,15.76,-397732.3,2959.3,0.0,231.7,1.90,0.70,66.7
958.0,13.50,15.76,-397748.1,2945.8,0.0,231.6,1.90,0.70,66.6
959.0,13.47,15.76,-397763.8,2932.3,0.0,231.4,1.90,0.70,66.4
960.0,13.44,15.76,-397779.6,2918.9,0.0,231.3,1.91,0.70,66.3
961.0,13.40,15.76,-397795.4,2905.5,0.0,231.1,1.91,0.70,66.1
962.0,13.37,15.76,-397811.1,2892.1,0.0,231.0,1.91,0.70,66.0
963.0,13.34,15.76,-397826.9,2878.8,0.0,230.8,1.91,0.70,65.8
964.0,13.31,15.76,-397842.6,2865.5,0.0,230.7,1.91,0.70,65.7
965.0,13.28,15.76,-397858.4,2852.2,0.0,230.5,1.91,0.70,65.5
966.0,13.25,15.76,-397874.1,2838.9,0.0,230.3,1.91,0.70,65.3
967.0,13.22,15.76,-397889.9,2825.7,0.0,230.2,1.91,0.70,65.2
968.0,13.19,15.76,-397905.7,2812.5,0.0,230.0,1.92,0.70,65.0
969.0,13.16,15.76,-397921.4,2799.4,0.0,229.9,1.92,0.70,64.9
970.0,13.13,15.76,-397937.2,2786.2,0.0,229.7,1.92,0.70,64.7
971.0,13.10,15.76,-397952.9,2773.2,0.0,229.6,1.92,0.70,64.6
972.0,13.06,15.76,-397968.7,2760.1,0.0,229.4,1.92,0.70,64.4
973.0,13.03,15.76,-397984.5,2747.1,0.0,229.3,1.92,0.70,64.3
974.0,13.00,15.76,-398000.2,2734.1,0.0,229.1,1.92,0.70,64.1
975.0,12.97,15.76,-398016.0,2721.1,0.0,228.9,1.92,0.70,63.9
976.0,12.94,15.76,-398031.7,2708.1,0.0,228.8,1.93,0.70,63.8
977.0,12.91,15.76,-398047.5,2695.2,0.0,228.6,1.93,0.70,63.6
978.0,12.88,15.76,-398063.3,2682.4,0.0,228.5,1.93,0.70,63.5
979.0,12.85,15.76,-398079.0,2669.5,0.0,228.3,1.93,0.70,63.3
980.0,12.82,15.76,-398094.8,2656.7,0.0,228.2,1.93,0.70,63.2
981.0,12.79,15.76,-398110.5,2643.9,0.0,228.0,1.93,0.70,63.0
982.0,12.76,15.76,-398126.3,2631.1,0.0,227.9,1.93,0.70,62.9
983.0,12.72,15.76,-398142.1,2618.4,0.0,227.7,1.94,0.70,62.7
984.0,12.69,15.76,-398157.8,2605.7,0.0,227.5,1.94,0.70,62.5
985.0,12.66,15.76,-398173.6,2593.1,0.0,227.4,1.94,0.70,62.4
986.0,12.63,15.76,-398189.3,2580.4,0.0,227.2,1.94,0.70,62.2
987.0,12.60,15.76,-398205.1,2567.8,0.0,227.1,1.94,0.70,62.1
988.0,12.57,15.76,-398220.8,2555.3,0.0,226.9,1.94,0.70,61.9
989.0,12.54,15.76,-398236.6,2542.7,0.0,226.8,1.94,0.70,61.8
990.0,12.51,15.76,-398252.4,2530.2,0.0,226.6,1.94,0.70,61.6
991.0,12.48,15.76,-398268.1,2517.7,0.0,226.5,1.94,0.70,61.5
992.0,12.45,15.76,-398283.9,2505.3,0.0,226.3,1.94,0.70,61.3
993.0,12.42,15.76,-398299.6,2492.9,0.0,226.2,1.93,0.69,61.2
994.0,12.38,15.76,-398315.4,2480.5,0.0,226.0,1.92,0.69,61.0
995.0,12.35,15.76,-398331.2,2468.1,0.0,225.8,1.91,0.69,60.8
996.0,12.32,15.76,-398346.9,2455.8,0.0,225.7,1.90,0.68,60.7
997.0,12.29,15.76,-398362.7,2443.5,0.0,225.5,1.90,0.68,60.5
998.0,12.26,15.76,-398378.4,2431.3,0.0,225.4,1.89,0.68,60.4
999.0,12.23,15.76,-398394.2,2419.0,0.0,225.2,1.88,0.67,60.2
1000.0,12.20,15.76,-398410.0,2406.8,0.0,225.1,1.87,0.67,60.1
1001.0,12.17,15.76,-398425.7,2394.7,0.0,224.9,1.86,0.67,59.9
1002.0,12.14,15.76,-398441.5,2382.5,0.0,224.8,1.86,0.66,59.8
1003.0,12.11,15.76,-398457.2,2370.4,0.0,224.7,1.85,0.66,59.7
1004.0,12.08,15.76,-398473.0,2358.4,0.0,224.5,1.84,0.66,59.5
1005.0,12.04,15.76,-398488.8,2346.3,0.0,224.4,1.83,0.65,59.4
1006.0,12.01,15.76,-398504.5,2334.3,0.0,224.2,1.83,0.65,59.2
1007.0,11.98,15.76,-398520.3,2322.3,0.0,224.1,1.82,0.65,59.1
1008.0,11.95,15.76,-398536.0,2310.4,0.0,223.9,1.81,0.64,58.9
1009.0,11.92,15.76,-398551.8,2298.4,0.0,223.8,1.80,0.64,58.8
1010.0,11.89,15.76,-398567.6,2286.5,0.0,223.6,1.80,0.64,58.6
1011.0,11.86,15.76,-398583.3,2274.7,0.0,223.5,1.79,0.64,58.5
1012.0,11.83,15.76,-398599.1,2262.9,0.0,223.4,1.78,0.63,58.4
1013.0,11.80,15.76,-398614.8,2251.1,0.0,223.2,1.77,0.63,58.2
1014.0,11.77,15.76,-398630.6,2239.3,0.0,223.1,1.77,0.63,58.1
1015.0,11.74,15.76,-398646.3,2227.6,0.0,223.0,1.76,0.62,58.0
1016.0,11.70,15.76,-398662.1,2215.9,0.0,222.8,1.75,0.62,57.8
1017.0,11.67,15.76,-398677.9,2204.2,0.0,222.7,1.74,0.62,57.7
1018.0,11.64,15.76,-398693.6,2192.5,0.0,222.5,1.74,0.61,57.5
1019.0,11.61,15.76,-398709.4,2180.9,0.0,222.4,1.73,0.61,57.4
1020.0,11.58,15.76,-398725.1,2169.4,0.0,222.3,1.72,0.61,57.3
1021.0,11.55,15.76,-398740.9,2157.8,0.0,222.1,1.72,0.61,57.1
1022.0,11.52,15.76,-398756.7,2146.3,0.0,222.0,1.71,0.60,57.0
1023.0,11.49,15.76,-398772.4,2134.8,0.0,221.9,1.70,0.60,56.9
1024.0,11.46,15.76,-398788.2,2123.3,0.0,221.7,1.69,0.60,56.7
1025.0,11.43,15.76,-398803.9,2111.9,0.0,221.6,1.69,0.59,56.6
1026.0,11.40,15.76,-398819.7,2100.5,0.0,221.5,1.68,0.59,56.5
1027.0,11.36,15.76,-398835.5,2089.1,0.0,221.3,1.67,0.59,56.3
1028.0,11.33,15.76,-398851.2,2077.8,0.0,221.2,1.67,0.59,56.2
1029.0,11.30,15.76,-398867.0,2066.5,0.0,221.1,1.66,0.58,56.1
1030.0,11.27,15.76,-398882.7,2055.2,0.0,221.0,1.65,0.58,56.0
1031.0,11.24,15.76,-398898.5,2044.0,0.0,220.8,1.65,0.58,55.8
1032.0,11.21,15.76,-398914.3,2032.8,0.0,220.7,1.64,0.57,55.7
1033.0,11.18,15.76,-398930.0,2021.6,0.0,220.6,1.63,0.57,55.6
1034.0,11.15,15.76,-398945.8,2010.5,0.0,220.4,1.62,0.57,55.4
1035.0,11.12,15.76,-398961.5,1999.3,0.0,220.3,1.62,0.57,55.3
1036.0,11.09,15.76,-398977.3,1988.3,0.0,220.2,1.76,0.62,55.2
1037.0,11.06,15.76,-398993.1,1977.2,0.0,220.0,1.75,0.61,55.0
1038.0,11.03,15.76,-399008.8,1966.2,0.0,219.9,1.74,0.61,54.9
1039.0,10.99,15.76,-399024.6,1955.2,0.0,219.8,1.73,0.60,54.8
1040.0,10.96,15.76,-399040.3,1944.2,0.0,219.6,1.72,0.60,54.6
1041.0,10.93,15.76,-399056.1,1933.3,0.0,219.5,1.70,0.59,54.5
1042.0,10.90,15.76,-399071.8,1922.4,0.0,219.4,1.69,0.59,54.4
1043.0,10.87,15.76,-399087.6,1911.5,0.0,219.3,1.68,0.59,54.3
1044.0,10.84,15.76,-399103.4,1900.7,0.0,219.1,1.67,0.58,54.1
1045.0,10.81,15.76,-399119.1,1889.9,0.0,219.0,1.66,0.58,54.0
1046.0,10.78,15.76,-399134.9,1879.1,0.0,218.9,1.65,0.57,53.9
1047.0,10.75,15.76,-399150.6,1868.3,0.0,218.7,1.64,0.57,53.7
1048.0,10.72,15.76,-399166.4,1857.6,0.0,218.6,1.63,0.56,53.6
1049.0,10.69,15.76,-399182.2,1846.9,0.0,218.5,1.61,0.56,53.5
1050.0,10.66,15.76,-399197.9,1836.3,0.0,218.4,1.60,0.56,53.4
1051.0,10.63,15.76,-399213.7,1825.6,0.0,218.2,1.59,0.55,53.2
1052.0,10.60,15.76,-399229.4,1815.0,0.0,218.1,1.58,0.55,53.1
1053.0,10.56,15.76,-399245.2,1804.5,0.0,218.0,1.57,0.54,53.0
1054.0,10.53,15.76,-399261.0,1793.9,0.0,217.9,1.56,0.54,52.9
1055.0,10.50,15.76,-399276.7,1783.4,0.0,217.8,1.55,0.54,52.8
1056.0,10.47,15.76,-399292.5,1773.0,0.0,217.6,1.54,0.53,52.6
1057.0,10.44,15.76,-399308.2,1762.5,0.0,217.5,1.53,0.53,52.5
1058.0,10.41,15.76,-399324.0,1752.1,0.0,217.4,1.52,0.52,52.4
1059.0,10.38,15.76,-399339.8,1741.7,0.0,217.3,1.51,0.52,52.3
1060.0,10.35,15.76,-399355.5,1731.4,0.0,217.2,1.50,0.52,52.2
1061.0,10.32,15.76,-399371.3,1721.1,0.0,217.1,1.49,0.51,52.1
1062.0,10.29,15.76,-399387.0,1710.8,0.0,217.0,1.48,0.51,52.0
1063.0,10.26,15.76,-399402.8,1700.5,0.0,216.8,1.47,0.51,51.8
1064.0,10.22,15.76,-399418.5,1690.3,0.0,216.7,1.46,0.50,51.7
1065.0,10.19,15.76,-399434.3,1680.1,0.0,216.6,1.45,0.50,51.6
1066.0,10.16,15.76,-399450.1,1670.0,0.0,216.5,1.44,0.49,51.5
1067.0,10.13,15.76,-399465.8,1659.8,0.0,216.4,1.43,0.49,51.4
1068.0,10.10,15.76,-399481.6,1649.7,0.0,216.3,1.42,0.49,51.3
1069.0,10.07,15.76,-399497.3,1639.7,0.0,216.2,1.41,0.48,51.2
1070.0,10.04,15.76,-399513.1,1629.6,0.0,216.1,1.40,0.48,51.1
1071.0,10.01,15.76,-399528.9,1619.6,0.0,216.0,1.39,0.48,51.0
1072.0,9.98,15.76,-399544.6,1609.6,0.0,215.9,1.38,0.47,50.9
1073.0,9.95,15.76,-399560.4,1599.7,0.0,215.8,1.37,0.47,50.8
1074.0,9.92,15.76,-399576.1,1589.8,0.0,215.7,1.36,0.46,50.7
1075.0,9.88,15.76,-399591.9,1579.9,0.0,215.6,1.35,0.46,50.6
1076.0,9.85,15.76,-399607.7,1570.0,0.0,215.5,1.34,0.46,50.5
1077.0,9.82,15.76,-399623.4,1560.2,0.0,215.4,1.33,0.45,50.4
1078.0,9.79,15.76,-399639.2,1550.4,0.0,215.3,1.32,0.45,50.3
1079.0,9.76,15.76,-399654.9,1540.7,0.0,215.2,1.31,0.45,50.2
1080.0,9.73,15.76,-399670.7,1530.9,0.0,215.1,1.30,0.44,50.1
1081.0,9.70,15.76,-399686.5,1521.2,0.0,215.0,1.29,0.44,50.0
1082.0,9.67,15.76,-399702.2,1511.6,0.0,214.9,1.28,0.44,49.9
1083.0,9.64,15.76,-399718.0,1501.9,0.0,214.8,1.27,0.43,49.8
1084.0,9.61,15.76,-399733.7,1492.3,0.0,214.7,1.26,0.43,49.7
1085.0,9.58,15.76,-399749.5,1482.7,0.0,214.6,1.25,0.43,49.6
1086.0,9.54,15.76,-399765.3,1473.2,0.0,214.5,1.24,0.42,49.5
1087.0,9.51,15.76,-399781.0,1463.7,0.0,214.4,1.23,0.42,49.4
1088.0,9.48,15.76,-399796.8,1454.2,0.0,214.3,1.22,0.42,49.3
1089.0,9.45,15.76,-399812.5,1444.7,0.0,214.2,1.21,0.41,49.2
1090.0,9.42,15.76,-399828.3,1435.3,0.0,214.1,1.21,0.41,49.1
1091.0,9.39,15.76,-399844.0,1425.9,0.0,214.0,1.20,0.41,49.0
1092.0,9.36,15.76,-399859.8,1416.6,0.0,213.9,1.19,0.40,48.9
1093.0,9.33,15.76,-399875.6,1407.2,0.0,213.8,1.18,0.40,48.8
1094.0,9.30,15.76,-399891.3,1397.9,0.0,213.8,1.17,0.40,48.8
1095.0,9.27,15.76,-399907.1,1388.7,0.0,213.7,1.16,0.39,48.7
1096.0,9.24,15.76,-399922.8,1379.4,0.0,213.6,1.15,0.39,48.6
1097.0,9.20,15.76,-399938.6,1370.2,0.0,213.5,1.14,0.39,48.5
1098.0,9.17,15.76,-399954.4,1361.1,0.0,213.4,1.13,0.38,48.4
1099.0,9.14,15.76,-399970.1,1351.9,0.0,213.3,1.12,0.38,48.3
1100.0,9.11,15.76,-399985.9,1342.8,0.0,213.2,1.12,0.38,48.2
1101.0,9.08,15.76,-400001.6,1333.7,0.0,213.2,1.11,0.37,48.2
1102.0,9.05,15.76,-400017.4,1324.7,0.0,213.1,1.10,0.37,48.1
1103.0,9.02,15.76,-400033.2,1315.7,0.0,213.0,1.09,0.37,48.0
1104.0,8.99,15.76,-400048.9,1306.7,0.0,212.9,1.08,0.37,47.9
1105.0,8.96,15.76,-400064.7,1297.7,0.0,212.8,1.07,0.36,47.8
1106.0,8.93,15.76,-400080.4,1288.8,0.0,212.8,1.06,0.36,47.8
1107.0,8.90,15.76,-400096.2,1279.9,0.0,212.7,1.05,0.36,47.7
1108.0,8.86,15.76,-400112.0,1271.0,0.0,212.6,1.05,0.35,47.6
1109.0,8.83,15.76,-400127.7,1262.2,0.0,212.5,1.04,0.35,47.5
1110.0,8.80,15.76,-400143.5,1253.4,0.0,212.4,1.03,0.35,47.4
1111.0,8.77,15.76,-400159.2,1244.6,0.0,212.4,1.02,0.34,47.4
1112.0,8.74,15.76,-400175.0,1235.9,0.0,212.3,1.01,0.34,47.3
1113.0,8.71,15.76,-400190.7,1227.2,0.0,212.2,1.00,0.34,47.2
1114.0,8.68,15.76,-400206.5,1218.5,0.0,212.1,0.99,0.34,47.1
1115.0,8.65,15.76,-400222.3,1209.8,0.0,212.1,0.99,0.33,47.1
1116.0,8.62,15.76,-400238.0,1201.2,0.0,212.0,0.98,0.33,47.0
1117.0,8.59,15.76,-400253.8,1192.6,0.0,211.9,0.97,0.33,46.9
1118.0,8.56,15.76,-400269.5,1184.1,0.0,211.9,0.96,0.32,46.9
1119.0,8.52,15.76,-400285.3,1175.6,0.0,211.8,0.95,0.32,46.8
1120.0,8.49,15.76,-400301.1,1167.1,0.0,211.7,0.94,0.32,46.7
1121.0,8.46,15.76,-400316.8,1158.6,0.0,211.6,0.94,0.31,46.6
1122.0,8.43,15.76,-400332.6,1150.2,0.0,211.6,0.93,0.31,46.6
1123.0,8.40,15.76,-400348.3,1141.8,0.0,211.5,0.92,0.31,46.5
1124.0,8.37,15.76,-400364.1,1133.4,0.0,211.4,0.91,0.31,46.4
1125.0,8.34,15.76,-400379.9,1125.1,0.0,211.4,0.90,0.30,46.4
1126.0,8.31,15.76,-400395.6,1116.8,0.0,211.3,0.90,0.30,46.3
1127.0,8.28,15.76,-400411.4,1108.5,0.0,211.2,0.89,0.30,46.2
1128.0,8.25,15.76,-400427.1,1100.2,0.0,211.2,0.89,0.30,46.2
1129.0,8.22,15.76,-400442.9,1092.0,0.0,211.1,0.90,0.30,46.1
1130.0,8.18,15.76,-400458.7,1083.8,0.0,211.0,0.90,0.30,46.0
1131.0,8.15,15.76,-400474.4,1075.7,0.0,211.0,0.90,0.30,46.0
1132.0,8.12,15.76,-400490.2,1067.6,0.0,210.9,0.90,0.30,45.9
1133.0,8.09,15.76,-400505.9,1059.5,0.0,210.8,0.90,0.30,45.8
1134.0,8.06,15.76,-400521.7,1051.4,0.0,210.8,0.90,0.30,45.8
1135.0,8.03,15.76,-400537.5,1043.4,0.0,210.7,0.90,0.30,45.7
1136.0,8.00,15.76,-400553.2,1035.4,0.0,210.6,0.90,0.30,45.6
1137.0,7.97,15.76,-400569.0,1027.4,0.0,210.6,0.90,0.30,45.6
1138.0,7.94,15.76,-400584.7,1019.5,0.0,210.5,0.90,0.30,45.5
1139.0,7.91,15.76,-400600.5,1011.6,0.0,210.4,0.90,0.30,45.4
1140.0,7.88,15.76,-400616.2,1003.7,0.0,210.4,0.90,0.30,45.4
1141.0,7.84,15.76,-400632.0,995.8,0.0,210.3,0.90,0.30,45.3
1142.0,7.81,15.76,-400647.8,988.0,0.0,210.2,0.90,0.30,45.2
1143.0,7.78,15.76,-400663.5,980.2,0.0,210.2,0.90,0.30,45.2
1144.0,7.75,15.76,-400679.3,972.5,0.0,210.1,0.90,0.30,45.1
1145.0,7.72,15.76,-400695.0,964.8,0.0,210.0,0.90,0.30,45.0
1146.0,7.69,15.76,-400710.8,957.1,0.0,210.0,0.90,0.30,45.0
1147.0,7.66,15.76,-400726.6,949.4,0.0,209.9,0.90,0.30,44.9
1148.0,7.63,15.76,-400742.3,941.8,0.0,209.8,0.90,0.30,44.8
1149.0,7.60,15.76,-400758.1,934.2,0.0,209.8,0.90,0.30,44.8
1150.0,7.57,15.76,-400773.8,926.6,0.0,209.7,0.90,0.30,44.7
1151.0,7.54,15.76,-400789.6,919.1,0.0,209.6,0.90,0.30,44.6
1152.0,7.51,15.76,-400805.4,911.6,0.0,209.6,0.90,0.30,44.6
1153.0,7.47,15.76,-400821.1,904.1,0.0,209.5,0.90,0.30,44.5
1154.0,7.44,15.76,-400836.9,896.7,0.0,209.4,0.90,0.30,44.4
1155.0,7.41,15.76,-400852.6,889.3,0.0,209.4,0.90,0.30,44.4
1156.0,7.38,15.76,-400868.4,881.9,0.0,209.3,0.90,0.30,44.3
1157.0,7.35,15.76,-400884.2,874.5,0.0,209.2,0.90,0.30,44.2
1158.0,7.32,15.76,-400899.9,867.2,0.0,209.2,0.90,0.30,44.2
1159.0,7.29,15.76,-400915.7,859.9,0.0,209.1,0.90,0.30,44.1
1160.0,7.26,15.76,-400931.4,852.7,0.0,209.0,0.90,0.30,44.0
1161.0,7.23,15.76,-400947.2,845.4,0.0,209.0,0.90,0.30,44.0
1162.0,7.20,15.76,-400963.0,838.2,0.0,208.9,0.90,0.30,43.9
1163.0,7.17,15.76,-400978.7,831.1,0.0,208.8,0.90,0.30,43.8
1164.0,7.13,15.76,-400994.5,823.9,0.0,208.8,0.91,0.30,43.8
1165.0,7.10,15.76,-401010.2,816.8,0.0,208.7,0.91,0.30,43.7
1166.0,7.07,15.76,-401026.0,809.8,0.0,208.6,0.91,0.30,43.6
1167.0,7.04,15.76,-401041.7,802.7,0.0,208.6,0.91,0.30,43.6
1168.0,7.01,15.76,-401057.5,795.7,0.0,208.5,0.91,0.30,43.5
1169.0,6.98,15.76,-401073.3,788.7,0.0,208.4,0.91,0.30,43.4
1170.0,6.95,15.76,-401089.0,781.8,0.0,208.4,0.91,0.30,43.4
1171.0,6.92,15.76,-401104.8,774.9,0.0,208.3,0.91,0.30,43.3
1172.0,6.89,15.76,-401120.5,768.0,0.0,208.2,0.91,0.30,43.2
1173.0,6.86,15.76,-401136.3,761.1,0.0,208.2,0.91,0.30,43.2
1174.0,6.83,15.76,-401152.1,754.3,0.0,208.1,0.91,0.30,43.1
1175.0,6.79,15.76,-401167.8,747.5,0.0,208.0,0.91,0.30,43.0
1176.0,6.76,15.76,-401183.6,740.7,0.0,208.0,0.91,0.30,43.0
1177.0,6.73,15.76,-401199.3,734.0,0.0,207.9,0.91,0.30,42.9
1178.0,6.70,15.76,-401215.1,727.3,0.0,207.8,0.91,0.30,42.8
1179.0,6.67,15.76,-401230.9,720.6,0.0,207.8,0.91,0.30,42.8
1180.0,6.64,15.76,-401246.6,714.0,0.0,207.7,0.91,0.30,42.7
1181.0,6.61,15.76,-401262.4,707.4,0.0,207.6,0.91,0.30,42.6
1182.0,6.58,15.76,-401278.1,700.8,0.0,207.6,0.91,0.30,42.6
1183.0,6.55,15.76,-401293.9,694.2,0.0,207.5,0.91,0.30,42.5
1184.0,6.52,15.76,-401309.7,687.7,0.0,207.4,0.91,0.30,42.4
1185.0,6.49,15.76,-401325.4,681.2,0.0,207.4,0.91,0.30,42.4
1186.0,6.46,15.76,-401341.2,674.8,0.0,207.3,0.91,0.30,42.3
1187.0,6.42,15.76,-401356.9,668.4,0.0,207.2,0.91,0.30,42.2
1188.0,6.39,15.76,-401372.7,662.0,0.0,207.2,0.91,0.30,42.2
1189.0,6.36,15.76,-401388.4,655.6,0.0,207.1,0.91,0.30,42.1
1190.0,6.33,15.76,-401404.2,649.3,0.0,207.0,0.91,0.30,42.0
1191.0,6.30,15.76,-401420.0,643.0,0.0,207.0,0.91,0.30,42.0
1192.0,6.27,15.76,-401435.7,636.7,0.0,206.9,0.91,0.30,41.9
1193.0,6.24,15.76,-401451.5,630.5,0.0,206.8,0.91,0.30,41.8
1194.0,6.21,15.76,-401467.2,624.3,0.0,206.8,0.91,0.30,41.8
1195.0,6.18,15.76,-401483.0,618.1,0.0,206.7,0.91,0.30,41.7
1196.0,6.15,15.76,-401498.8,611.9,0.0,206.6,0.91,0.30,41.6
1197.0,6.12,15.76,-401514.5,605.8,0.0,206.6,0.91,0.30,41.6
1198.0,6.08,15.76,-401530.3,599.7,0.0,206.5,0.91,0.30,41.5
1199.0,6.05,15.76,-401546.0,593.7,0.0,206.4,0.92,0.30,41.4
1200.0,6.02,15.76,-401561.8,587.7,0.0,206.4,0.92,0.30,41.4
1201.0,5.99,15.76,-401577.6,581.7,0.0,206.3,0.92,0.30,41.3
1202.0,5.96,15.76,-401593.3,575.7,0.0,206.2,0.92,0.30,41.2
1203.0,5.93,15.76,-401609.1,569.8,0.0,206.2,0.92,0.30,41.2
1204.0,5.90,15.76,-401624.8,563.9,0.0,206.1,0.92,0.30,41.1
1205.0,5.87,15.76,-401640.6,558.0,0.0,206.0,0.92,0.30,41.0
1206.0,5.84,15.76,-401656.4,552.2,0.0,206.0,0.92,0.30,41.0
1207.0,5.81,15.76,-401672.1,546.4,0.0,205.9,0.92,0.30,40.9
1208.0,5.78,15.76,-401687.9,540.6,0.0,205.8,0.92,0.30,40.8
1209.0,5.75,15.76,-401703.6,534.8,0.0,205.8,0.92,0.30,40.8
1210.0,5.71,15.76,-401719.4,529.1,0.0,205.7,0.92,0.30,40.7
1211.0,5.68,15.76,-401735.2,523.4,0.0,205.6,0.92,0.30,40.6
1212.0,5.65,15.76,-401750.9,517.8,0.0,205.6,0.92,0.30,40.6
1213.0,5.62,15.76,-401766.7,512.2,0.0,205.5,0.92,0.30,40.5
1214.0,5.59,15.76,-401782.4,506.6,0.0,205.4,0.92,0.30,40.4
1215.0,5.56,15.76,-401798.2,501.0,0.0,205.4,0.92,0.30,40.4
1216.0,5.53,15.76,-401813.9,495.5,0.0,205.3,0.92,0.30,40.3
1217.0,5.50,15.76,-401829.7,490.0,0.0,205.2,0.92,0.30,40.2
1218.0,5.47,15.76,-401845.5,484.5,0.0,205.2,0.92,0.30,40.2
1219.0,5.44,15.76,-401861.2,479.1,0.0,205.1,0.92,0.30,40.1
1220.0,5.41,15.76,-401877.0,473.7,0.0,205.0,0.92,0.30,40.0
1221.0,5.38,15.76,-401892.7,468.3,0.0,205.0,0.92,0.30,40.0
1222.0,5.34,15.76,-401908.5,463.0,0.0,204.9,0.92,0.30,39.9
1223.0,5.31,15.76,-401924.3,457.6,0.0,204.8,0.92,0.30,39.8
1224.0,5.28,15.76,-401940.0,452.4,0.0,204.8,0.92,0.30,39.8
1225.0,5.25,15.76,-401955.8,447.1,0.0,204.7,0.92,0.30,39.7
1226.0,5.22,15.76,-401971.5,441.9,0.0,204.6,0.92,0.30,39.6
1227.0,5.19,15.76,-401987.3,436.7,0.0,204.6,0.92,0.30,39.6
1228.0,5.16,15.76,-402003.1,431.5,0.0,204.5,0.92,0.30,39.5
1229.0,5.13,15.76,-402018.8,426.4,0.0,204.4,0.92,0.30,39.4
1230.0,5.10,15.76,-402034.6,421.3,0.0,204.4,0.92,0.30,39.4
1231.0,5.07,15.76,-402050.3,416.2,0.0,204.3,0.92,0.30,39.3
1232.0,5.04,15.76,-402066.1,411.2,0.0,204.2,0.93,0.30,39.2
1233.0,5.01,15.76,-402081.9,406.2,0.0,204.2,0.93,0.30,39.2
1234.0,4.97,15.76,-402097.6,401.2,0.0,204.1,0.93,0.30,39.1
1235.0,4.94,15.76,-402113.4,396.3,0.0,204.0,0.93,0.30,39.0
1236.0,4.91,15.76,-402129.1,391.4,0.0,204.0,0.93,0.30,39.0
1237.0,4.88,15.76,-402144.9,386.5,0.0,203.9,0.93,0.30,38.9
1238.0,4.85,15.76,-402160.6,381.6,0.0,203.8,0.93,0.30,38.8
1239.0,4.82,15.76,-402176.4,376.8,0.0,203.8,0.93,0.30,38.8
1240.0,4.79,15.76,-402192.2,372.0,0.0,203.7,0.93,0.30,38.7
1241.0,4.76,15.76,-402207.9,367.3,0.0,203.6,0.93,0.30,38.6
1242.0,4.73,15.76,-402223.7,362.6,0.0,203.6,0.93,0.30,38.6
1243.0,4.70,15.76,-402239.4,357.9,0.0,203.5,0.93,0.30,38.5
1244.0,4.67,15.76,-402255.2,353.2,0.0,203.4,0.93,0.30,38.4
1245.0,4.64,15.76,-402271.0,348.6,0.0,203.4,0.93,0.30,38.4
1246.0,4.60,15.76,-402286.7,343.9,0.0,203.3,0.93,0.30,38.3
1247.0,4.57,15.76,-402302.5,339.4,0.0,203.2,0.93,0.30,38.2
1248.0,4.54,15.76,-402318.2,334.8,0.0,203.2,0.93,0.30,38.2
1249.0,4.51,15.76,-402334.0,330.3,0.0,203.1,0.93,0.30,38.1
1250.0,4.48,15.76,-402349.8,325.8,0.0,203.0,0.93,0.30,38.0
1251.0,4.45,15.76,-402365.5,321.4,0.0,203.0,0.93,0.30,38.0
1252.0,4.42,15.76,-402381.3,317.0,0.0,202.9,0.93,0.30,37.9
1253.0,4.39,15.76,-402397.0,312.6,0.0,202.8,0.93,0.30,37.8
1254.0,4.36,15.76,-402412.8,308.2,0.0,202.8,0.93,0.30,37.8
1255.0,4.33,15.76,-402428.6,303.9,0.0,202.7,0.93,0.30,37.7
1256.0,4.30,15.76,-402444.3,299.6,0.0,202.6,0.93,0.30,37.6
1257.0,4.27,15.76,-402460.1,295.3,0.0,202.6,0.93,0.30,37.6
1258.0,4.23,15.76,-402475.8,291.1,0.0,202.5,0.93,0.30,37.5
1259.0,4.20,15.76,-402491.6,286.9,0.0,202.4,0.93,0.30,37.4
1260.0,4.17,15.76,-402507.4,282.7,0.0,202.4,0.93,0.30,37.4
1261.0,4.14,15.76,-402523.1,278.6,0.0,202.3,0.93,0.30,37.3
1262.0,4.11,15.76,-402538.9,274.5,0.0,202.2,0.93,0.30,37.2
1263.0,4.08,15.76,-402554.6,270.4,0.0,202.2,0.93,0.30,37.2
1264.0,4.05,15.76,-402570.4,266.3,0.0,202.1,0.93,0.30,37.1
1265.0,4.02,15.76,-402586.1,262.3,0.0,202.0,0.94,0.30,37.0
1266.0,3.99,15.76,-402601.9,258.3,0.0,202.0,0.94,0.30,37.0
1267.0,3.96,15.76,-402617.7,254.4,0.0,201.9,0.94,0.30,36.9
1268.0,3.93,15.76,-402633.4,250.4,0.0,201.8,0.94,0.30,36.8
1269.0,3.90,15.76,-402649.2,246.6,0.0,201.8,0.94,0.30,36.8
1270.0,3.87,15.76,-402664.9,242.7,0.0,201.7,0.94,0.30,36.7
1271.0,3.83,15.76,-402680.7,238.9,0.0,201.6,0.94,0.30,36.6
1272.0,3.80,15.76,-402696.5,235.0,0.0,201.6,0.94,0.30,36.6
1273.0,3.77,15.76,-402712.2,231.3,0.0,201.5,0.94,0.30,36.5
1274.0,3.74,15.76,-402728.0,227.5,0.0,201.4,0.94,0.30,36.4
1275.0,3.71,15.76,-402743.7,223.8,0.0,201.4,0.94,0.30,36.4
1276.0,3.68,15.76,-402759.5,220.1,0.0,201.3,0.94,0.30,36.3
1277.0,3.65,15.76,-402775.3,216.5,0.0,201.2,0.94,0.30,36.2
1278.0,3.62,15.76,-402791.0,212.9,0.0,201.2,0.94,0.30,36.2
1279.0,3.59,15.76,-402806.8,209.3,0.0,201.1,0.94,0.30,36.1
1280.0,3.56,15.76,-402822.5,205.7,0.0,201.0,0.94,0.30,36.0
1281.0,3.53,15.76,-402838.3,202.2,0.0,201.0,0.94,0.30,36.0
1282.0,3.50,15.76,-402854.1,198.7,30.0,200.9,0.94,0.70,35.9
1283.0,3.47,14.91,-402869.0,195.2,30.0,200.8,0.94,0.70,35.8
1284.0,3.43,14.05,-402883.0,191.8,30.0,200.8,0.94,0.70,35.8
1285.0,3.40,13.20,-402896.2,188.4,30.0,200.7,0.94,0.70,35.7
1286.0,3.37,12.34,-402908.5,185.0,30.0,200.6,0.94,0.70,35.6
1287.0,3.34,11.49,-402920.0,181.7,30.0,200.6,0.94,0.70,35.6
1288.0,3.31,10.63,-402930.7,178.4,30.0,200.5,0.94,0.70,35.5
1289.0,3.28,9.77,-402940.4,175.1,30.0,200.4,0.94,0.70,35.4
1290.0,3.25,8.92,-402949.4,171.8,30.0,200.4,0.94,0.70,35.4
1291.0,3.22,8.06,-402957.4,168.6,30.0,200.3,0.94,0.70,35.3
1292.0,3.19,7.20,-402964.6,165.4,30.0,200.2,0.94,0.70,35.2
1293.0,3.16,6.35,-402971.0,162.3,30.0,200.2,0.94,0.70,35.2
1294.0,3.13,5.49,-402976.5,159.1,30.0,200.1,0.94,0.70,35.1
1295.0,3.10,4.63,-402981.1,156.1,27.0,200.0,0.94,0.30,35.0
1296.0,3.07,3.86,-402985.0,153.0,24.0,200.0,0.94,0.30,35.0
1297.0,3.04,3.19,-402988.1,150.0,21.0,199.9,0.95,0.30,34.9
1298.0,3.00,2.60,-402990.7,146.9,18.0,199.8,0.95,0.30,34.8
1299.0,2.97,2.11,-402992.9,144.0,15.0,199.8,0.95,0.30,34.8
1300.0,2.94,1.72,-402994.6,141.0,12.0,199.7,0.95,0.30,34.7
1301.0,2.91,1.42,-402996.0,138.1,9.0,199.6,0.95,0.30,34.6
1302.0,2.88,1.23,-402997.2,135.2,6.0,199.6,0.95,0.30,34.6
1303.0,2.85,1.13,-402998.4,132.4,3.0,199.5,0.95,0.30,34.5
1304.0,2.82,1.13,-402999.5,129.6,0.0,199.4,0.95,0.30,34.4
1305.0,2.79,1.13,-403000.6,126.8,0.0,199.4,0.95,0.30,34.4
1306.0,2.76,1.13,-403001.7,124.0,0.0,199.3,0.95,0.30,34.3
1307.0,2.73,1.13,-403002.9,121.3,0.0,199.2,0.95,0.30,34.2
1308.0,2.70,1.13,-403004.0,118.6,0.0,199.2,0.95,0.30,34.2
1309.0,2.67,1.13,-403005.1,115.9,0.0,199.1,0.95,0.30,34.1
1310.0,2.64,1.13,-403006.2,113.3,0.0,199.0,0.95,0.30,34.0
1311.0,2.61,1.13,-403007.4,110.7,0.0,199.0,0.95,0.30,34.0
1312.0,2.57,1.13,-403008.5,108.1,0.0,198.9,0.95,0.30,33.9
1313.0,2.54,1.13,-403009.6,105.6,0.0,198.8,0.95,0.30,33.8
1314.0,2.51,1.13,-403010.8,103.1,0.0,198.8,0.95,0.30,33.8
1315.0,2.48,1.13,-403011.9,100.6,0.0,198.7,0.95,0.30,33.7
1316.0,2.45,1.13,-403013.0,98.1,0.0,198.6,0.95,0.30,33.6
1317.0,2.42,1.13,-403014.1,95.7,0.0,198.6,0.95,0.30,33.6
1318.0,2.39,1.13,-403015.3,93.3,0.0,198.5,0.95,0.30,33.5
1319.0,2.36,1.13,-403016.4,90.9,0.0,198.4,0.95,0.30,33.4
1320.0,2.33,1.13,-403017.5,88.6,0.0,198.4,0.95,0.30,33.4
1321.0,2.30,1.13,-403018.6,86.3,0.0,198.3,0.95,0.30,33.3
1322.0,2.27,1.13,-403019.8,84.0,0.0,198.2,0.95,0.30,33.2
1323.0,2.24,1.13,-403020.9,81.8,0.0,198.2,0.95,0.30,33.2
1324.0,2.21,1.13,-403022.0,79.6,0.0,198.1,0.95,0.30,33.1
1325.0,2.18,1.13,-403023.1,77.4,0.0,198.0,0.95,0.30,33.0
1326.0,2.15,1.13,-403024.3,75.3,0.0,198.0,0.95,0.30,33.0
1327.0,2.12,1.13,-403025.4,73.2,0.0,197.9,0.95,0.30,32.9
1328.0,2.08,1.13,-403026.5,71.1,0.0,197.8,0.95,0.30,32.8
1329.0,2.05,1.13,-403027.7,69.0,0.0,197.8,0.96,0.30,32.8
1330.0,2.02,1.13,-403028.8,67.0,0.0,197.7,0.96,0.30,32.7
1331.0,1.99,1.13,-403029.9,65.0,0.0,197.6,0.96,0.30,32.6
1332.0,1.96,1.13,-403031.0,63.0,0.0,197.6,0.96,0.30,32.6
1333.0,1.93,1.13,-403032.2,61.1,0.0,197.5,0.96,0.30,32.5
1334.0,1.90,1.13,-403033.3,59.2,0.0,197.4,0.96,0.30,32.4
1335.0,1.87,1.13,-403034.4,57.3,0.0,197.4,0.96,0.30,32.4
1336.0,1.84,1.13,-403035.5,55.5,0.0,197.3,0.96,0.30,32.3
1337.0,1.81,1.13,-403036.7,53.7,0.0,197.2,0.96,0.30,32.2
1338.0,1.78,1.13,-403037.8,51.9,0.0,197.2,0.96,0.30,32.2
1339.0,1.75,1.13,-403038.9,50.2,0.0,197.1,0.96,0.30,32.1
1340.0,1.72,1.13,-403040.1,48.4,0.0,197.0,0.96,0.30,32.0
1341.0,1.69,1.13,-403041.2,46.8,0.0,197.0,0.96,0.30,32.0
1342.0,1.66,1.13,-403042.3,45.1,0.0,196.9,0.96,0.30,31.9
1343.0,1.63,1.13,-403043.4,43.5,0.0,196.8,0.96,0.30,31.8
1344.0,1.60,1.13,-403044.6,41.9,0.0,196.8,0.96,0.30,31.8
1345.0,1.57,1.13,-403045.7,40.3,0.0,196.7,0.96,0.30,31.7
1346.0,1.54,1.13,-403046.8,38.8,0.0,196.6,0.96,0.30,31.6
1347.0,1.51,1.13,-403047.9,37.3,0.0,196.6,0.96,0.30,31.6
1348.0,1.47,1.13,-403049.1,35.8,0.0,196.5,0.96,0.30,31.5
1349.0,1.44,1.13,-403050.2,34.3,0.0,196.4,0.96,0.30,31.4
1350.0,1.41,1.13,-403051.3,32.9,0.0,196.4,0.96,0.30,31.4
1351.0,1.38,1.13,-403052.4,31.5,0.0,196.3,0.96,0.30,31.3
1352.0,1.35,1.13,-403053.6,30.2,0.0,196.2,0.96,0.30,31.2
1353.0,1.32,1.13,-403054.7,28.9,0.0,196.2,0.96,0.30,31.2
1354.0,1.29,1.13,-403055.8,27.6,0.0,196.1,0.96,0.30,31.1
1355.0,1.26,1.13,-403057.0,26.3,0.0,196.1,0.96,0.30,31.1
1356.0,1.23,1.13,-403058.1,25.1,0.0,196.0,0.96,0.30,31.0
1357.0,1.20,1.13,-403059.2,23.9,0.0,195.9,0.96,0.30,30.9
1358.0,1.17,1.13,-403060.3,22.7,0.0,195.9,0.96,0.30,30.9
1359.0,1.14,1.13,-403061.5,21.6,0.0,195.8,0.97,0.30,30.8
1360.0,1.11,1.13,-403062.6,20.5,0.0,195.7,0.97,0.30,30.7
1361.0,1.08,1.13,-403063.7,19.4,0.0,195.7,0.97,0.30,30.7
1362.0,1.05,1.13,-403064.8,18.3,0.0,195.6,0.97,0.30,30.6
1363.0,1.02,1.13,-403066.0,17.3,0.0,195.5,0.97,0.30,30.5
1364.0,0.99,1.13,-403067.1,16.3,0.0,195.5,0.97,0.30,30.5
1365.0,0.96,1.13,-403068.2,15.4,0.0,195.4,0.97,0.30,30.4
1366.0,0.93,1.13,-403069.3,14.4,0.0,195.3,0.97,0.30,30.3
1367.0,0.90,1.13,-403070.5,13.5,0.0,195.3,0.97,0.30,30.3
1368.0,0.87,1.13,-403071.6,12.7,0.0,195.2,0.97,0.30,30.2
1369.0,0.84,1.13,-403072.7,11.8,0.0,195.1,0.97,0.30,30.1
1370.0,0.81,1.13,-403073.9,11.0,0.0,195.1,0.97,0.30,30.1
1371.0,0.78,1.13,-403075.0,10.2,0.0,195.0,0.97,0.30,30.0
1372.0,0.75,1.13,-403076.1,9.5,0.0,194.9,0.97,0.30,29.9
1373.0,0.72,1.13,-403077.2,8.7,0.0,194.9,0.97,0.30,29.9
1374.0,0.69,1.13,-403078.4,8.1,0.0,194.8,0.97,0.30,29.8
1375.0,0.66,1.13,-403079.5,7.4,0.0,194.7,0.97,0.30,29.7
1376.0,0.63,1.13,-403080.6,6.8,0.0,194.7,0.97,0.30,29.7
1377.0,0.60,1.13,-403081.7,6.2,0.0,194.6,0.97,0.30,29.6
1378.0,0.57,1.13,-403082.9,5.6,0.0,194.5,0.97,0.30,29.5
1379.0,0.54,1.13,-403084.0,5.0,0.0,194.5,0.97,0.30,29.5
1380.0,0.51,1.13,-403085.1,4.5,0.0,194.4,0.97,0.30,29.4
1381.0,0.49,1.13,-403086.3,4.0,0.0,194.3,0.97,0.30,29.3
1382.0,0.46,1.13,-403087.4,3.6,0.0,194.3,0.97,0.30,29.3
1383.0,0.43,1.13,-403088.5,3.2,0.0,194.2,0.97,0.30,29.2
1384.0,0.40,1.13,-403089.6,2.8,0.0,194.1,0.97,0.30,29.1
1385.0,0.37,1.13,-403090.8,2.4,0.0,194.1,0.97,0.30,29.1
1386.0,0.34,1.13,-403091.9,2.1,0.0,194.0,0.97,0.30,29.0
1387.0,0.31,1.13,-403093.0,1.7,0.0,193.9,0.97,0.30,28.9
1388.0,0.28,1.13,-403094.1,1.5,0.0,193.9,0.97,0.30,28.9
1389.0,0.26,1.13,-403095.3,1.2,0.0,193.8,0.97,0.30,28.8
1390.0,0.23,1.13,-403096.4,1.0,0.0,193.7,0.98,0.30,28.7
1391.0,0.20,1.13,-403097.5,0.8,0.0,193.7,0.98,0.30,28.7
1392.0,0.18,1.13,-403098.6,0.6,0.0,193.6,0.98,0.30,28.6
1393.0,0.15,1.13,-403099.8,0.4,0.0,193.5,0.98,0.30,28.5
1394.0,0.12,1.13,-403100.9,0.3,0.0,193.5,0.98,0.30,28.5
1395.0,0.10,1.13,-403102.0,0.2,0.0,193.4,0.98,0.30,28.4
1396.0,0.08,1.13,-403103.2,0.1,0.0,193.3,0.98,0.30,28.3
1397.0,0.06,1.13,-403104.3,0.1,0.0,193.3,0.98,0.30,28.3
1398.0,0.04,1.13,-403105.4,0.0,0.0,193.2,0.98,0.30,28.2
1399.0,0.02,1.13,-403106.5,0.0,0.0,193.1,0.98,0.30,28.1
1400.0,0.01,1.13,-403107.7,0.0,0.0,193.1,0.98,0.30,28.1
1401.0,0.01,1.13,-403108.8,0.0,0.0,193.0,0.98,0.30,28.0
1402.0,0.00,1.13,-403109.9,0.0,0.0,192.9,0.98,0.30,27.9
1403.0,0.00,1.13,-403111.0,0.0,0.0,192.9,0.98,0.30,27.9
1404.0,0.00,1.13,-403112.2,0.0,0.0,192.8,0.98,0.30,27.8
1405.0,0.00,1.13,-403113.3,0.0,0.0,192.7,0.98,0.30,27.7
1406.0,0.00,1.13,-403114.4,0.0,0.0,192.7,0.98,0.30,27.7
1407.0,0.00,1.13,-403115.5,0.0,0.0,192.6,0.98,0.30,27.6
